Month,Product_ID,Region_ID,Actual_Demand,Year,Month_Number,Time_Index
2023-01-01,P001,R01,7133,2023,1,1
2023-01-01,P001,R02,8693,2023,1,1
2023-01-01,P001,R03,7685,2023,1,1
2023-01-01,P001,R04,13359,2023,1,1
2023-01-01,P002,R01,8414,2023,1,1
2023-01-01,P002,R02,13088,2023,1,1
2023-01-01,P002,R03,4146,2023,1,1
2023-01-01,P002,R04,17017,2023,1,1
2023-01-01,P003,R01,7511,2023,1,1
2023-01-01,P003,R02,6622,2023,1,1
2023-01-01,P003,R03,3054,2023,1,1
2023-01-01,P003,R04,16977,2023,1,1
2023-01-01,P004,R01,1280,2023,1,1
2023-01-01,P004,R02,6037,2023,1,1
2023-01-01,P004,R03,7559,2023,1,1
2023-01-01,P004,R04,9213,2023,1,1
2023-01-01,P005,R01,8755,2023,1,1
2023-01-01,P005,R02,10509,2023,1,1
2023-01-01,P005,R03,2999,2023,1,1
2023-01-01,P005,R04,8403,2023,1,1
2023-01-01,P006,R01,5164,2023,1,1
2023-01-01,P006,R02,10385,2023,1,1
2023-01-01,P006,R03,1562,2023,1,1
2023-01-01,P006,R04,6916,2023,1,1
2023-01-01,P007,R01,5504,2023,1,1
2023-01-01,P007,R02,8352,2023,1,1
2023-01-01,P007,R03,7243,2023,1,1
2023-01-01,P007,R04,9940,2023,1,1
2023-01-01,P008,R01,1550,2023,1,1
2023-01-01,P008,R02,15467,2023,1,1
2023-01-01,P008,R03,5426,2023,1,1
2023-01-01,P008,R04,15779,2023,1,1
2023-02-01,P001,R01,3980,2023,2,2
2023-02-01,P001,R02,6708,2023,2,2
2023-02-01,P001,R03,7952,2023,2,2
2023-02-01,P001,R04,22745,2023,2,2
2023-02-01,P002,R01,2132,2023,2,2
2023-02-01,P002,R02,9435,2023,2,2
2023-02-01,P002,R03,402,2023,2,2
2023-02-01,P002,R04,6630,2023,2,2
2023-02-01,P003,R01,3087,2023,2,2
2023-02-01,P003,R02,9911,2023,2,2
2023-02-01,P003,R03,8033,2023,2,2
2023-02-01,P003,R04,12112,2023,2,2
2023-02-01,P004,R01,15429,2023,2,2
2023-02-01,P004,R02,5837,2023,2,2
2023-02-01,P004,R03,6343,2023,2,2
2023-02-01,P004,R04,16053,2023,2,2
2023-02-01,P005,R01,6985,2023,2,2
2023-02-01,P005,R02,12845,2023,2,2
2023-02-01,P005,R03,7803,2023,2,2
2023-02-01,P005,R04,17348,2023,2,2
2023-02-01,P006,R01,5693,2023,2,2
2023-02-01,P006,R02,10479,2023,2,2
2023-02-01,P006,R03,2840,2023,2,2
2023-02-01,P006,R04,7609,2023,2,2
2023-02-01,P007,R01,7236,2023,2,2
2023-02-01,P007,R02,2650,2023,2,2
2023-02-01,P007,R03,7210,2023,2,2
2023-02-01,P007,R04,14066,2023,2,2
2023-02-01,P008,R01,8173,2023,2,2
2023-02-01,P008,R02,10196,2023,2,2
2023-02-01,P008,R03,6495,2023,2,2
2023-02-01,P008,R04,19075,2023,2,2
2023-03-01,P001,R01,6208,2023,3,3
2023-03-01,P001,R02,8093,2023,3,3
2023-03-01,P001,R03,6128,2023,3,3
2023-03-01,P001,R04,13595,2023,3,3
2023-03-01,P002,R01,7521,2023,3,3
2023-03-01,P002,R02,5669,2023,3,3
2023-03-01,P002,R03,2308,2023,3,3
2023-03-01,P002,R04,6061,2023,3,3
2023-03-01,P003,R01,4540,2023,3,3
2023-03-01,P003,R02,12564,2023,3,3
2023-03-01,P003,R03,11001,2023,3,3
2023-03-01,P003,R04,12210,2023,3,3
2023-03-01,P004,R01,9047,2023,3,3
2023-03-01,P004,R02,5444,2023,3,3
2023-03-01,P004,R03,6762,2023,3,3
2023-03-01,P004,R04,17281,2023,3,3
2023-03-01,P005,R01,9903,2023,3,3
2023-03-01,P005,R02,5562,2023,3,3
2023-03-01,P005,R03,9467,2023,3,3
2023-03-01,P005,R04,24840,2023,3,3
2023-03-01,P006,R01,6541,2023,3,3
2023-03-01,P006,R02,7569,2023,3,3
2023-03-01,P006,R03,1783,2023,3,3
2023-03-01,P006,R04,7854,2023,3,3
2023-03-01,P007,R01,3216,2023,3,3
2023-03-01,P007,R02,7429,2023,3,3
2023-03-01,P007,R03,2886,2023,3,3
2023-03-01,P007,R04,16742,2023,3,3
2023-03-01,P008,R01,7918,2023,3,3
2023-03-01,P008,R02,10403,2023,3,3
2023-03-01,P008,R03,5095,2023,3,3
2023-03-01,P008,R04,7811,2023,3,3
2023-04-01,P001,R01,1374,2023,4,4
2023-04-01,P001,R02,2759,2023,4,4
2023-04-01,P001,R03,5386,2023,4,4
2023-04-01,P001,R04,8011,2023,4,4
2023-04-01,P002,R01,2475,2023,4,4
2023-04-01,P002,R02,8134,2023,4,4
2023-04-01,P002,R03,1788,2023,4,4
2023-04-01,P002,R04,9228,2023,4,4
2023-04-01,P003,R01,6950,2023,4,4
2023-04-01,P003,R02,11109,2023,4,4
2023-04-01,P003,R03,5860,2023,4,4
2023-04-01,P003,R04,16666,2023,4,4
2023-04-01,P004,R01,6902,2023,4,4
2023-04-01,P004,R02,16968,2023,4,4
2023-04-01,P004,R03,3743,2023,4,4
2023-04-01,P004,R04,7893,2023,4,4
2023-04-01,P005,R01,8247,2023,4,4
2023-04-01,P005,R02,9454,2023,4,4
2023-04-01,P005,R03,2435,2023,4,4
2023-04-01,P005,R04,14951,2023,4,4
2023-04-01,P006,R01,4898,2023,4,4
2023-04-01,P006,R02,10931,2023,4,4
2023-04-01,P006,R03,6148,2023,4,4
2023-04-01,P006,R04,6739,2023,4,4
2023-04-01,P007,R01,5982,2023,4,4
2023-04-01,P007,R02,7896,2023,4,4
2023-04-01,P007,R03,4394,2023,4,4
2023-04-01,P007,R04,15079,2023,4,4
2023-04-01,P008,R01,4994,2023,4,4
2023-04-01,P008,R02,6544,2023,4,4
2023-04-01,P008,R03,4234,2023,4,4
2023-04-01,P008,R04,15002,2023,4,4
2023-05-01,P001,R01,11239,2023,5,5
2023-05-01,P001,R02,9569,2023,5,5
2023-05-01,P001,R03,11015,2023,5,5
2023-05-01,P001,R04,12226,2023,5,5
2023-05-01,P002,R01,6112,2023,5,5
2023-05-01,P002,R02,9208,2023,5,5
2023-05-01,P002,R03,6614,2023,5,5
2023-05-01,P002,R04,9313,2023,5,5
2023-05-01,P003,R01,10269,2023,5,5
2023-05-01,P003,R02,6960,2023,5,5
2023-05-01,P003,R03,2135,2023,5,5
2023-05-01,P003,R04,10844,2023,5,5
2023-05-01,P004,R01,7644,2023,5,5
2023-05-01,P004,R02,5630,2023,5,5
2023-05-01,P004,R03,7071,2023,5,5
2023-05-01,P004,R04,16257,2023,5,5
2023-05-01,P005,R01,6757,2023,5,5
2023-05-01,P005,R02,8629,2023,5,5
2023-05-01,P005,R03,6732,2023,5,5
2023-05-01,P005,R04,13841,2023,5,5
2023-05-01,P006,R01,3241,2023,5,5
2023-05-01,P006,R02,15170,2023,5,5
2023-05-01,P006,R03,2772,2023,5,5
2023-05-01,P006,R04,12851,2023,5,5
2023-05-01,P007,R01,4610,2023,5,5
2023-05-01,P007,R02,13086,2023,5,5
2023-05-01,P007,R03,6300,2023,5,5
2023-05-01,P007,R04,7036,2023,5,5
2023-05-01,P008,R01,3094,2023,5,5
2023-05-01,P008,R02,11183,2023,5,5
2023-05-01,P008,R03,4733,2023,5,5
2023-05-01,P008,R04,12828,2023,5,5
2023-06-01,P001,R01,11983,2023,6,6
2023-06-01,P001,R02,1434,2023,6,6
2023-06-01,P001,R03,5407,2023,6,6
2023-06-01,P001,R04,12342,2023,6,6
2023-06-01,P002,R01,9259,2023,6,6
2023-06-01,P002,R02,4628,2023,6,6
2023-06-01,P002,R03,4229,2023,6,6
2023-06-01,P002,R04,10080,2023,6,6
2023-06-01,P003,R01,3326,2023,6,6
2023-06-01,P003,R02,8951,2023,6,6
2023-06-01,P003,R03,1257,2023,6,6
2023-06-01,P003,R04,9007,2023,6,6
2023-06-01,P004,R01,5696,2023,6,6
2023-06-01,P004,R02,9263,2023,6,6
2023-06-01,P004,R03,5619,2023,6,6
2023-06-01,P004,R04,10611,2023,6,6
2023-06-01,P005,R01,9895,2023,6,6
2023-06-01,P005,R02,16573,2023,6,6
2023-06-01,P005,R03,5657,2023,6,6
2023-06-01,P005,R04,4062,2023,6,6
2023-06-01,P006,R01,13912,2023,6,6
2023-06-01,P006,R02,7010,2023,6,6
2023-06-01,P006,R03,5355,2023,6,6
2023-06-01,P006,R04,9810,2023,6,6
2023-06-01,P007,R01,6346,2023,6,6
2023-06-01,P007,R02,8815,2023,6,6
2023-06-01,P007,R03,4116,2023,6,6
2023-06-01,P007,R04,3758,2023,6,6
2023-06-01,P008,R01,8260,2023,6,6
2023-06-01,P008,R02,11178,2023,6,6
2023-06-01,P008,R03,2739,2023,6,6
2023-06-01,P008,R04,12471,2023,6,6
2023-07-01,P001,R01,7447,2023,7,7
2023-07-01,P001,R02,6700,2023,7,7
2023-07-01,P001,R03,2992,2023,7,7
2023-07-01,P001,R04,20807,2023,7,7
2023-07-01,P002,R01,3404,2023,7,7
2023-07-01,P002,R02,14939,2023,7,7
2023-07-01,P002,R03,2137,2023,7,7
2023-07-01,P002,R04,12680,2023,7,7
2023-07-01,P003,R01,8636,2023,7,7
2023-07-01,P003,R02,15834,2023,7,7
2023-07-01,P003,R03,979,2023,7,7
2023-07-01,P003,R04,11687,2023,7,7
2023-07-01,P004,R01,7469,2023,7,7
2023-07-01,P004,R02,4851,2023,7,7
2023-07-01,P004,R03,2338,2023,7,7
2023-07-01,P004,R04,15872,2023,7,7
2023-07-01,P005,R01,8302,2023,7,7
2023-07-01,P005,R02,8224,2023,7,7
2023-07-01,P005,R03,2270,2023,7,7
2023-07-01,P005,R04,17025,2023,7,7
2023-07-01,P006,R01,4239,2023,7,7
2023-07-01,P006,R02,5218,2023,7,7
2023-07-01,P006,R03,3891,2023,7,7
2023-07-01,P006,R04,17092,2023,7,7
2023-07-01,P007,R01,13655,2023,7,7
2023-07-01,P007,R02,15295,2023,7,7
2023-07-01,P007,R03,2531,2023,7,7
2023-07-01,P007,R04,25331,2023,7,7
2023-07-01,P008,R01,6499,2023,7,7
2023-07-01,P008,R02,5141,2023,7,7
2023-07-01,P008,R03,2447,2023,7,7
2023-07-01,P008,R04,9816,2023,7,7
2023-08-01,P001,R01,9035,2023,8,8
2023-08-01,P001,R02,8521,2023,8,8
2023-08-01,P001,R03,4019,2023,8,8
2023-08-01,P001,R04,11478,2023,8,8
2023-08-01,P002,R01,6828,2023,8,8
2023-08-01,P002,R02,10165,2023,8,8
2023-08-01,P002,R03,7607,2023,8,8
2023-08-01,P002,R04,4951,2023,8,8
2023-08-01,P003,R01,11356,2023,8,8
2023-08-01,P003,R02,10073,2023,8,8
2023-08-01,P003,R03,6635,2023,8,8
2023-08-01,P003,R04,12649,2023,8,8
2023-08-01,P004,R01,3286,2023,8,8
2023-08-01,P004,R02,6129,2023,8,8
2023-08-01,P004,R03,7984,2023,8,8
2023-08-01,P004,R04,7167,2023,8,8
2023-08-01,P005,R01,10018,2023,8,8
2023-08-01,P005,R02,9663,2023,8,8
2023-08-01,P005,R03,12734,2023,8,8
2023-08-01,P005,R04,13029,2023,8,8
2023-08-01,P006,R01,4045,2023,8,8
2023-08-01,P006,R02,20326,2023,8,8
2023-08-01,P006,R03,5121,2023,8,8
2023-08-01,P006,R04,11423,2023,8,8
2023-08-01,P007,R01,5211,2023,8,8
2023-08-01,P007,R02,13981,2023,8,8
2023-08-01,P007,R03,3120,2023,8,8
2023-08-01,P007,R04,8464,2023,8,8
2023-08-01,P008,R01,4547,2023,8,8
2023-08-01,P008,R02,10136,2023,8,8
2023-08-01,P008,R03,1244,2023,8,8
2023-08-01,P008,R04,17304,2023,8,8
2023-09-01,P001,R01,9988,2023,9,9
2023-09-01,P001,R02,6256,2023,9,9
2023-09-01,P001,R03,9568,2023,9,9
2023-09-01,P001,R04,12428,2023,9,9
2023-09-01,P002,R01,6001,2023,9,9
2023-09-01,P002,R02,6642,2023,9,9
2023-09-01,P002,R03,3335,2023,9,9
2023-09-01,P002,R04,12204,2023,9,9
2023-09-01,P003,R01,5789,2023,9,9
2023-09-01,P003,R02,7909,2023,9,9
2023-09-01,P003,R03,2196,2023,9,9
2023-09-01,P003,R04,11995,2023,9,9
2023-09-01,P004,R01,6768,2023,9,9
2023-09-01,P004,R02,5692,2023,9,9
2023-09-01,P004,R03,8456,2023,9,9
2023-09-01,P004,R04,3970,2023,9,9
2023-09-01,P005,R01,10349,2023,9,9
2023-09-01,P005,R02,9887,2023,9,9
2023-09-01,P005,R03,6535,2023,9,9
2023-09-01,P005,R04,9833,2023,9,9
2023-09-01,P006,R01,4565,2023,9,9
2023-09-01,P006,R02,8474,2023,9,9
2023-09-01,P006,R03,2171,2023,9,9
2023-09-01,P006,R04,12617,2023,9,9
2023-09-01,P007,R01,4190,2023,9,9
2023-09-01,P007,R02,6896,2023,9,9
2023-09-01,P007,R03,4332,2023,9,9
2023-09-01,P007,R04,10802,2023,9,9
2023-09-01,P008,R01,6236,2023,9,9
2023-09-01,P008,R02,1876,2023,9,9
2023-09-01,P008,R03,4786,2023,9,9
2023-09-01,P008,R04,10394,2023,9,9
2023-10-01,P001,R01,7346,2023,10,10
2023-10-01,P001,R02,10497,2023,10,10
2023-10-01,P001,R03,12351,2023,10,10
2023-10-01,P001,R04,10448,2023,10,10
2023-10-01,P002,R01,7942,2023,10,10
2023-10-01,P002,R02,6456,2023,10,10
2023-10-01,P002,R03,7759,2023,10,10
2023-10-01,P002,R04,20471,2023,10,10
2023-10-01,P003,R01,4794,2023,10,10
2023-10-01,P003,R02,10455,2023,10,10
2023-10-01,P003,R03,6182,2023,10,10
2023-10-01,P003,R04,18189,2023,10,10
2023-10-01,P004,R01,11380,2023,10,10
2023-10-01,P004,R02,14842,2023,10,10
2023-10-01,P004,R03,3884,2023,10,10
2023-10-01,P004,R04,17217,2023,10,10
2023-10-01,P005,R01,5171,2023,10,10
2023-10-01,P005,R02,5903,2023,10,10
2023-10-01,P005,R03,4729,2023,10,10
2023-10-01,P005,R04,16395,2023,10,10
2023-10-01,P006,R01,7084,2023,10,10
2023-10-01,P006,R02,12653,2023,10,10
2023-10-01,P006,R03,9087,2023,10,10
2023-10-01,P006,R04,16806,2023,10,10
2023-10-01,P007,R01,10833,2023,10,10
2023-10-01,P007,R02,2601,2023,10,10
2023-10-01,P007,R03,3560,2023,10,10
2023-10-01,P007,R04,10649,2023,10,10
2023-10-01,P008,R01,7949,2023,10,10
2023-10-01,P008,R02,15379,2023,10,10
2023-10-01,P008,R03,2543,2023,10,10
2023-10-01,P008,R04,13245,2023,10,10
2023-11-01,P001,R01,15185,2023,11,11
2023-11-01,P001,R02,6765,2023,11,11
2023-11-01,P001,R03,5529,2023,11,11
2023-11-01,P001,R04,16363,2023,11,11
2023-11-01,P002,R01,9323,2023,11,11
2023-11-01,P002,R02,7407,2023,11,11
2023-11-01,P002,R03,5029,2023,11,11
2023-11-01,P002,R04,18381,2023,11,11
2023-11-01,P003,R01,4360,2023,11,11
2023-11-01,P003,R02,8483,2023,11,11
2023-11-01,P003,R03,6310,2023,11,11
2023-11-01,P003,R04,12667,2023,11,11
2023-11-01,P004,R01,4626,2023,11,11
2023-11-01,P004,R02,16275,2023,11,11
2023-11-01,P004,R03,12962,2023,11,11
2023-11-01,P004,R04,6756,2023,11,11
2023-11-01,P005,R01,11422,2023,11,11
2023-11-01,P005,R02,14053,2023,11,11
2023-11-01,P005,R03,7322,2023,11,11
2023-11-01,P005,R04,15501,2023,11,11
2023-11-01,P006,R01,9384,2023,11,11
2023-11-01,P006,R02,7466,2023,11,11
2023-11-01,P006,R03,5264,2023,11,11
2023-11-01,P006,R04,22265,2023,11,11
2023-11-01,P007,R01,4236,2023,11,11
2023-11-01,P007,R02,8271,2023,11,11
2023-11-01,P007,R03,4362,2023,11,11
2023-11-01,P007,R04,19803,2023,11,11
2023-11-01,P008,R01,8569,2023,11,11
2023-11-01,P008,R02,11261,2023,11,11
2023-11-01,P008,R03,10397,2023,11,11
2023-11-01,P008,R04,19191,2023,11,11
2023-12-01,P001,R01,5532,2023,12,12
2023-12-01,P001,R02,9534,2023,12,12
2023-12-01,P001,R03,8773,2023,12,12
2023-12-01,P001,R04,10604,2023,12,12
2023-12-01,P002,R01,3919,2023,12,12
2023-12-01,P002,R02,17689,2023,12,12
2023-12-01,P002,R03,2757,2023,12,12
2023-12-01,P002,R04,16410,2023,12,12
2023-12-01,P003,R01,9592,2023,12,12
2023-12-01,P003,R02,8193,2023,12,12
2023-12-01,P003,R03,9263,2023,12,12
2023-12-01,P003,R04,20386,2023,12,12
2023-12-01,P004,R01,12919,2023,12,12
2023-12-01,P004,R02,15419,2023,12,12
2023-12-01,P004,R03,4061,2023,12,12
2023-12-01,P004,R04,18008,2023,12,12
2023-12-01,P005,R01,15248,2023,12,12
2023-12-01,P005,R02,16083,2023,12,12
2023-12-01,P005,R03,6837,2023,12,12
2023-12-01,P005,R04,22182,2023,12,12
2023-12-01,P006,R01,5989,2023,12,12
2023-12-01,P006,R02,7294,2023,12,12
2023-12-01,P006,R03,10573,2023,12,12
2023-12-01,P006,R04,14068,2023,12,12
2023-12-01,P007,R01,3945,2023,12,12
2023-12-01,P007,R02,7181,2023,12,12
2023-12-01,P007,R03,14121,2023,12,12
2023-12-01,P007,R04,21970,2023,12,12
2023-12-01,P008,R01,9154,2023,12,12
2023-12-01,P008,R02,6163,2023,12,12
2023-12-01,P008,R03,6918,2023,12,12
2023-12-01,P008,R04,13208,2023,12,12
2024-01-01,P001,R01,11500,2024,1,13
2024-01-01,P001,R02,9828,2024,1,13
2024-01-01,P001,R03,5032,2024,1,13
2024-01-01,P001,R04,11052,2024,1,13
2024-01-01,P002,R01,8839,2024,1,13
2024-01-01,P002,R02,11296,2024,1,13
2024-01-01,P002,R03,1888,2024,1,13
2024-01-01,P002,R04,7893,2024,1,13
2024-01-01,P003,R01,6683,2024,1,13
2024-01-01,P003,R02,12196,2024,1,13
2024-01-01,P003,R03,12207,2024,1,13
2024-01-01,P003,R04,13130,2024,1,13
2024-01-01,P004,R01,4491,2024,1,13
2024-01-01,P004,R02,8158,2024,1,13
2024-01-01,P004,R03,0,2024,1,13
2024-01-01,P004,R04,12976,2024,1,13
2024-01-01,P005,R01,5816,2024,1,13
2024-01-01,P005,R02,7791,2024,1,13
2024-01-01,P005,R03,8077,2024,1,13
2024-01-01,P005,R04,8286,2024,1,13
2024-01-01,P006,R01,9949,2024,1,13
2024-01-01,P006,R02,2897,2024,1,13
2024-01-01,P006,R03,5398,2024,1,13
2024-01-01,P006,R04,8415,2024,1,13
2024-01-01,P007,R01,11290,2024,1,13
2024-01-01,P007,R02,4870,2024,1,13
2024-01-01,P007,R03,6601,2024,1,13
2024-01-01,P007,R04,16209,2024,1,13
2024-01-01,P008,R01,2538,2024,1,13
2024-01-01,P008,R02,11863,2024,1,13
2024-01-01,P008,R03,809,2024,1,13
2024-01-01,P008,R04,15441,2024,1,13
2024-02-01,P001,R01,7863,2024,2,14
2024-02-01,P001,R02,5394,2024,2,14
2024-02-01,P001,R03,8992,2024,2,14
2024-02-01,P001,R04,15976,2024,2,14
2024-02-01,P002,R01,9509,2024,2,14
2024-02-01,P002,R02,8316,2024,2,14
2024-02-01,P002,R03,1312,2024,2,14
2024-02-01,P002,R04,13364,2024,2,14
2024-02-01,P003,R01,7378,2024,2,14
2024-02-01,P003,R02,11291,2024,2,14
2024-02-01,P003,R03,4799,2024,2,14
2024-02-01,P003,R04,8909,2024,2,14
2024-02-01,P004,R01,6931,2024,2,14
2024-02-01,P004,R02,5114,2024,2,14
2024-02-01,P004,R03,6925,2024,2,14
2024-02-01,P004,R04,11581,2024,2,14
2024-02-01,P005,R01,4450,2024,2,14
2024-02-01,P005,R02,13252,2024,2,14
2024-02-01,P005,R03,7670,2024,2,14
2024-02-01,P005,R04,7507,2024,2,14
2024-02-01,P006,R01,8125,2024,2,14
2024-02-01,P006,R02,4428,2024,2,14
2024-02-01,P006,R03,2180,2024,2,14
2024-02-01,P006,R04,18447,2024,2,14
2024-02-01,P007,R01,1559,2024,2,14
2024-02-01,P007,R02,8284,2024,2,14
2024-02-01,P007,R03,5398,2024,2,14
2024-02-01,P007,R04,9448,2024,2,14
2024-02-01,P008,R01,10232,2024,2,14
2024-02-01,P008,R02,6340,2024,2,14
2024-02-01,P008,R03,4787,2024,2,14
2024-02-01,P008,R04,23425,2024,2,14
2024-03-01,P001,R01,3512,2024,3,15
2024-03-01,P001,R02,10330,2024,3,15
2024-03-01,P001,R03,4540,2024,3,15
2024-03-01,P001,R04,12551,2024,3,15
2024-03-01,P002,R01,6103,2024,3,15
2024-03-01,P002,R02,10361,2024,3,15
2024-03-01,P002,R03,5112,2024,3,15
2024-03-01,P002,R04,12611,2024,3,15
2024-03-01,P003,R01,8005,2024,3,15
2024-03-01,P003,R02,9761,2024,3,15
2024-03-01,P003,R03,7753,2024,3,15
2024-03-01,P003,R04,12989,2024,3,15
2024-03-01,P004,R01,5326,2024,3,15
2024-03-01,P004,R02,8113,2024,3,15
2024-03-01,P004,R03,3681,2024,3,15
2024-03-01,P004,R04,10043,2024,3,15
2024-03-01,P005,R01,5454,2024,3,15
2024-03-01,P005,R02,8756,2024,3,15
2024-03-01,P005,R03,903,2024,3,15
2024-03-01,P005,R04,15299,2024,3,15
2024-03-01,P006,R01,7713,2024,3,15
2024-03-01,P006,R02,6406,2024,3,15
2024-03-01,P006,R03,6476,2024,3,15
2024-03-01,P006,R04,20001,2024,3,15
2024-03-01,P007,R01,7786,2024,3,15
2024-03-01,P007,R02,3411,2024,3,15
2024-03-01,P007,R03,2601,2024,3,15
2024-03-01,P007,R04,14536,2024,3,15
2024-03-01,P008,R01,7113,2024,3,15
2024-03-01,P008,R02,8694,2024,3,15
2024-03-01,P008,R03,6862,2024,3,15
2024-03-01,P008,R04,13560,2024,3,15
2024-04-01,P001,R01,10011,2024,4,16
2024-04-01,P001,R02,13734,2024,4,16
2024-04-01,P001,R03,4834,2024,4,16
2024-04-01,P001,R04,5857,2024,4,16
2024-04-01,P002,R01,9889,2024,4,16
2024-04-01,P002,R02,8145,2024,4,16
2024-04-01,P002,R03,5248,2024,4,16
2024-04-01,P002,R04,8125,2024,4,16
2024-04-01,P003,R01,7092,2024,4,16
2024-04-01,P003,R02,11105,2024,4,16
2024-04-01,P003,R03,8320,2024,4,16
2024-04-01,P003,R04,20946,2024,4,16
2024-04-01,P004,R01,9286,2024,4,16
2024-04-01,P004,R02,6912,2024,4,16
2024-04-01,P004,R03,2323,2024,4,16
2024-04-01,P004,R04,12451,2024,4,16
2024-04-01,P005,R01,10048,2024,4,16
2024-04-01,P005,R02,8481,2024,4,16
2024-04-01,P005,R03,826,2024,4,16
2024-04-01,P005,R04,17287,2024,4,16
2024-04-01,P006,R01,4846,2024,4,16
2024-04-01,P006,R02,6863,2024,4,16
2024-04-01,P006,R03,8951,2024,4,16
2024-04-01,P006,R04,16063,2024,4,16
2024-04-01,P007,R01,4125,2024,4,16
2024-04-01,P007,R02,6436,2024,4,16
2024-04-01,P007,R03,2574,2024,4,16
2024-04-01,P007,R04,6668,2024,4,16
2024-04-01,P008,R01,12933,2024,4,16
2024-04-01,P008,R02,8744,2024,4,16
2024-04-01,P008,R03,7270,2024,4,16
2024-04-01,P008,R04,16241,2024,4,16
2024-05-01,P001,R01,8609,2024,5,17
2024-05-01,P001,R02,5966,2024,5,17
2024-05-01,P001,R03,3462,2024,5,17
2024-05-01,P001,R04,14621,2024,5,17
2024-05-01,P002,R01,7850,2024,5,17
2024-05-01,P002,R02,4837,2024,5,17
2024-05-01,P002,R03,4176,2024,5,17
2024-05-01,P002,R04,12129,2024,5,17
2024-05-01,P003,R01,6864,2024,5,17
2024-05-01,P003,R02,16086,2024,5,17
2024-05-01,P003,R03,3727,2024,5,17
2024-05-01,P003,R04,19730,2024,5,17
2024-05-01,P004,R01,11598,2024,5,17
2024-05-01,P004,R02,8880,2024,5,17
2024-05-01,P004,R03,1582,2024,5,17
2024-05-01,P004,R04,13497,2024,5,17
2024-05-01,P005,R01,6781,2024,5,17
2024-05-01,P005,R02,5017,2024,5,17
2024-05-01,P005,R03,3127,2024,5,17
2024-05-01,P005,R04,6890,2024,5,17
2024-05-01,P006,R01,10861,2024,5,17
2024-05-01,P006,R02,8149,2024,5,17
2024-05-01,P006,R03,8519,2024,5,17
2024-05-01,P006,R04,18649,2024,5,17
2024-05-01,P007,R01,3033,2024,5,17
2024-05-01,P007,R02,13991,2024,5,17
2024-05-01,P007,R03,3365,2024,5,17
2024-05-01,P007,R04,14510,2024,5,17
2024-05-01,P008,R01,2450,2024,5,17
2024-05-01,P008,R02,4972,2024,5,17
2024-05-01,P008,R03,7038,2024,5,17
2024-05-01,P008,R04,14708,2024,5,17
2024-06-01,P001,R01,10687,2024,6,18
2024-06-01,P001,R02,8907,2024,6,18
2024-06-01,P001,R03,7812,2024,6,18
2024-06-01,P001,R04,20253,2024,6,18
2024-06-01,P002,R01,5307,2024,6,18
2024-06-01,P002,R02,7182,2024,6,18
2024-06-01,P002,R03,3755,2024,6,18
2024-06-01,P002,R04,16515,2024,6,18
2024-06-01,P003,R01,2623,2024,6,18
2024-06-01,P003,R02,11164,2024,6,18
2024-06-01,P003,R03,3413,2024,6,18
2024-06-01,P003,R04,10444,2024,6,18
2024-06-01,P004,R01,4024,2024,6,18
2024-06-01,P004,R02,9857,2024,6,18
2024-06-01,P004,R03,8597,2024,6,18
2024-06-01,P004,R04,13069,2024,6,18
2024-06-01,P005,R01,4976,2024,6,18
2024-06-01,P005,R02,4766,2024,6,18
2024-06-01,P005,R03,6507,2024,6,18
2024-06-01,P005,R04,11917,2024,6,18
2024-06-01,P006,R01,4875,2024,6,18
2024-06-01,P006,R02,8579,2024,6,18
2024-06-01,P006,R03,7381,2024,6,18
2024-06-01,P006,R04,12230,2024,6,18
2024-06-01,P007,R01,5662,2024,6,18
2024-06-01,P007,R02,5160,2024,6,18
2024-06-01,P007,R03,4840,2024,6,18
2024-06-01,P007,R04,14785,2024,6,18
2024-06-01,P008,R01,6394,2024,6,18
2024-06-01,P008,R02,9525,2024,6,18
2024-06-01,P008,R03,1138,2024,6,18
2024-06-01,P008,R04,13346,2024,6,18
2024-07-01,P001,R01,6193,2024,7,19
2024-07-01,P001,R02,13842,2024,7,19
2024-07-01,P001,R03,11627,2024,7,19
2024-07-01,P001,R04,8923,2024,7,19
2024-07-01,P002,R01,8866,2024,7,19
2024-07-01,P002,R02,11351,2024,7,19
2024-07-01,P002,R03,8810,2024,7,19
2024-07-01,P002,R04,13114,2024,7,19
2024-07-01,P003,R01,12481,2024,7,19
2024-07-01,P003,R02,10329,2024,7,19
2024-07-01,P003,R03,11838,2024,7,19
2024-07-01,P003,R04,16523,2024,7,19
2024-07-01,P004,R01,6748,2024,7,19
2024-07-01,P004,R02,7494,2024,7,19
2024-07-01,P004,R03,3051,2024,7,19
2024-07-01,P004,R04,15220,2024,7,19
2024-07-01,P005,R01,5878,2024,7,19
2024-07-01,P005,R02,12087,2024,7,19
2024-07-01,P005,R03,3655,2024,7,19
2024-07-01,P005,R04,15752,2024,7,19
2024-07-01,P006,R01,4145,2024,7,19
2024-07-01,P006,R02,4020,2024,7,19
2024-07-01,P006,R03,3576,2024,7,19
2024-07-01,P006,R04,16025,2024,7,19
2024-07-01,P007,R01,6055,2024,7,19
2024-07-01,P007,R02,8422,2024,7,19
2024-07-01,P007,R03,8385,2024,7,19
2024-07-01,P007,R04,12455,2024,7,19
2024-07-01,P008,R01,10779,2024,7,19
2024-07-01,P008,R02,7534,2024,7,19
2024-07-01,P008,R03,2134,2024,7,19
2024-07-01,P008,R04,16626,2024,7,19
2024-08-01,P001,R01,11369,2024,8,20
2024-08-01,P001,R02,11770,2024,8,20
2024-08-01,P001,R03,6123,2024,8,20
2024-08-01,P001,R04,14867,2024,8,20
2024-08-01,P002,R01,6714,2024,8,20
2024-08-01,P002,R02,6654,2024,8,20
2024-08-01,P002,R03,6133,2024,8,20
2024-08-01,P002,R04,7445,2024,8,20
2024-08-01,P003,R01,7571,2024,8,20
2024-08-01,P003,R02,11057,2024,8,20
2024-08-01,P003,R03,4697,2024,8,20
2024-08-01,P003,R04,22816,2024,8,20
2024-08-01,P004,R01,7324,2024,8,20
2024-08-01,P004,R02,9912,2024,8,20
2024-08-01,P004,R03,4468,2024,8,20
2024-08-01,P004,R04,11591,2024,8,20
2024-08-01,P005,R01,7231,2024,8,20
2024-08-01,P005,R02,11793,2024,8,20
2024-08-01,P005,R03,10851,2024,8,20
2024-08-01,P005,R04,10326,2024,8,20
2024-08-01,P006,R01,6894,2024,8,20
2024-08-01,P006,R02,5686,2024,8,20
2024-08-01,P006,R03,8295,2024,8,20
2024-08-01,P006,R04,17535,2024,8,20
2024-08-01,P007,R01,4840,2024,8,20
2024-08-01,P007,R02,12942,2024,8,20
2024-08-01,P007,R03,7622,2024,8,20
2024-08-01,P007,R04,8995,2024,8,20
2024-08-01,P008,R01,4764,2024,8,20
2024-08-01,P008,R02,16629,2024,8,20
2024-08-01,P008,R03,4749,2024,8,20
2024-08-01,P008,R04,9320,2024,8,20
2024-09-01,P001,R01,5908,2024,9,21
2024-09-01,P001,R02,11121,2024,9,21
2024-09-01,P001,R03,7048,2024,9,21
2024-09-01,P001,R04,18535,2024,9,21
2024-09-01,P002,R01,12959,2024,9,21
2024-09-01,P002,R02,12983,2024,9,21
2024-09-01,P002,R03,5169,2024,9,21
2024-09-01,P002,R04,6505,2024,9,21
2024-09-01,P003,R01,3887,2024,9,21
2024-09-01,P003,R02,12162,2024,9,21
2024-09-01,P003,R03,10891,2024,9,21
2024-09-01,P003,R04,16385,2024,9,21
2024-09-01,P004,R01,8407,2024,9,21
2024-09-01,P004,R02,11895,2024,9,21
2024-09-01,P004,R03,2386,2024,9,21
2024-09-01,P004,R04,16135,2024,9,21
2024-09-01,P005,R01,6260,2024,9,21
2024-09-01,P005,R02,6003,2024,9,21
2024-09-01,P005,R03,4956,2024,9,21
2024-09-01,P005,R04,18481,2024,9,21
2024-09-01,P006,R01,5772,2024,9,21
2024-09-01,P006,R02,10655,2024,9,21
2024-09-01,P006,R03,8856,2024,9,21
2024-09-01,P006,R04,17775,2024,9,21
2024-09-01,P007,R01,8621,2024,9,21
2024-09-01,P007,R02,6193,2024,9,21
2024-09-01,P007,R03,602,2024,9,21
2024-09-01,P007,R04,11718,2024,9,21
2024-09-01,P008,R01,8870,2024,9,21
2024-09-01,P008,R02,21418,2024,9,21
2024-09-01,P008,R03,3144,2024,9,21
2024-09-01,P008,R04,14703,2024,9,21
2024-10-01,P001,R01,11360,2024,10,22
2024-10-01,P001,R02,12421,2024,10,22
2024-10-01,P001,R03,5587,2024,10,22
2024-10-01,P001,R04,20858,2024,10,22
2024-10-01,P002,R01,10396,2024,10,22
2024-10-01,P002,R02,10297,2024,10,22
2024-10-01,P002,R03,6735,2024,10,22
2024-10-01,P002,R04,20640,2024,10,22
2024-10-01,P003,R01,9982,2024,10,22
2024-10-01,P003,R02,14130,2024,10,22
2024-10-01,P003,R03,13778,2024,10,22
2024-10-01,P003,R04,19374,2024,10,22
2024-10-01,P004,R01,11569,2024,10,22
2024-10-01,P004,R02,9252,2024,10,22
2024-10-01,P004,R03,9452,2024,10,22
2024-10-01,P004,R04,12866,2024,10,22
2024-10-01,P005,R01,4824,2024,10,22
2024-10-01,P005,R02,8324,2024,10,22
2024-10-01,P005,R03,12395,2024,10,22
2024-10-01,P005,R04,18044,2024,10,22
2024-10-01,P006,R01,5797,2024,10,22
2024-10-01,P006,R02,3770,2024,10,22
2024-10-01,P006,R03,5558,2024,10,22
2024-10-01,P006,R04,11014,2024,10,22
2024-10-01,P007,R01,7386,2024,10,22
2024-10-01,P007,R02,6576,2024,10,22
2024-10-01,P007,R03,7552,2024,10,22
2024-10-01,P007,R04,15887,2024,10,22
2024-10-01,P008,R01,4110,2024,10,22
2024-10-01,P008,R02,14699,2024,10,22
2024-10-01,P008,R03,4489,2024,10,22
2024-10-01,P008,R04,9335,2024,10,22
2024-11-01,P001,R01,18120,2024,11,23
2024-11-01,P001,R02,8291,2024,11,23
2024-11-01,P001,R03,6019,2024,11,23
2024-11-01,P001,R04,14712,2024,11,23
2024-11-01,P002,R01,6345,2024,11,23
2024-11-01,P002,R02,11365,2024,11,23
2024-11-01,P002,R03,7146,2024,11,23
2024-11-01,P002,R04,20301,2024,11,23
2024-11-01,P003,R01,8489,2024,11,23
2024-11-01,P003,R02,7583,2024,11,23
2024-11-01,P003,R03,11213,2024,11,23
2024-11-01,P003,R04,10627,2024,11,23
2024-11-01,P004,R01,2878,2024,11,23
2024-11-01,P004,R02,7128,2024,11,23
2024-11-01,P004,R03,6989,2024,11,23
2024-11-01,P004,R04,13355,2024,11,23
2024-11-01,P005,R01,12982,2024,11,23
2024-11-01,P005,R02,11343,2024,11,23
2024-11-01,P005,R03,1641,2024,11,23
2024-11-01,P005,R04,11716,2024,11,23
2024-11-01,P006,R01,5844,2024,11,23
2024-11-01,P006,R02,12631,2024,11,23
2024-11-01,P006,R03,5022,2024,11,23
2024-11-01,P006,R04,14200,2024,11,23
2024-11-01,P007,R01,10552,2024,11,23
2024-11-01,P007,R02,11004,2024,11,23
2024-11-01,P007,R03,2712,2024,11,23
2024-11-01,P007,R04,16290,2024,11,23
2024-11-01,P008,R01,9638,2024,11,23
2024-11-01,P008,R02,4484,2024,11,23
2024-11-01,P008,R03,3071,2024,11,23
2024-11-01,P008,R04,11955,2024,11,23
2024-12-01,P001,R01,12568,2024,12,24
2024-12-01,P001,R02,17105,2024,12,24
2024-12-01,P001,R03,4727,2024,12,24
2024-12-01,P001,R04,15235,2024,12,24
2024-12-01,P002,R01,13718,2024,12,24
2024-12-01,P002,R02,10879,2024,12,24
2024-12-01,P002,R03,13454,2024,12,24
2024-12-01,P002,R04,9995,2024,12,24
2024-12-01,P003,R01,10437,2024,12,24
2024-12-01,P003,R02,15439,2024,12,24
2024-12-01,P003,R03,7723,2024,12,24
2024-12-01,P003,R04,26700,2024,12,24
2024-12-01,P004,R01,3566,2024,12,24
2024-12-01,P004,R02,2731,2024,12,24
2024-12-01,P004,R03,5561,2024,12,24
2024-12-01,P004,R04,12686,2024,12,24
2024-12-01,P005,R01,7906,2024,12,24
2024-12-01,P005,R02,6525,2024,12,24
2024-12-01,P005,R03,4602,2024,12,24
2024-12-01,P005,R04,10481,2024,12,24
2024-12-01,P006,R01,7954,2024,12,24
2024-12-01,P006,R02,1955,2024,12,24
2024-12-01,P006,R03,8677,2024,12,24
2024-12-01,P006,R04,9248,2024,12,24
2024-12-01,P007,R01,6498,2024,12,24
2024-12-01,P007,R02,10472,2024,12,24
2024-12-01,P007,R03,5834,2024,12,24
2024-12-01,P007,R04,11259,2024,12,24
2024-12-01,P008,R01,8546,2024,12,24
2024-12-01,P008,R02,11938,2024,12,24
2024-12-01,P008,R03,8840,2024,12,24
2024-12-01,P008,R04,21525,2024,12,24
2025-01-01,P001,R01,5452,2025,1,25
2025-01-01,P001,R02,11387,2025,1,25
2025-01-01,P001,R03,6249,2025,1,25
2025-01-01,P001,R04,27268,2025,1,25
2025-01-01,P002,R01,8598,2025,1,25
2025-01-01,P002,R02,8850,2025,1,25
2025-01-01,P002,R03,4101,2025,1,25
2025-01-01,P002,R04,18225,2025,1,25
2025-01-01,P003,R01,11772,2025,1,25
2025-01-01,P003,R02,15134,2025,1,25
2025-01-01,P003,R03,7995,2025,1,25
2025-01-01,P003,R04,20889,2025,1,25
2025-01-01,P004,R01,7754,2025,1,25
2025-01-01,P004,R02,4705,2025,1,25
2025-01-01,P004,R03,1603,2025,1,25
2025-01-01,P004,R04,7848,2025,1,25
2025-01-01,P005,R01,9965,2025,1,25
2025-01-01,P005,R02,5879,2025,1,25
2025-01-01,P005,R03,5672,2025,1,25
2025-01-01,P005,R04,12335,2025,1,25
2025-01-01,P006,R01,6085,2025,1,25
2025-01-01,P006,R02,7605,2025,1,25
2025-01-01,P006,R03,2889,2025,1,25
2025-01-01,P006,R04,12441,2025,1,25
2025-01-01,P007,R01,3543,2025,1,25
2025-01-01,P007,R02,8282,2025,1,25
2025-01-01,P007,R03,4878,2025,1,25
2025-01-01,P007,R04,6242,2025,1,25
2025-01-01,P008,R01,9278,2025,1,25
2025-01-01,P008,R02,4598,2025,1,25
2025-01-01,P008,R03,6214,2025,1,25
2025-01-01,P008,R04,16178,2025,1,25
2025-02-01,P001,R01,8554,2025,2,26
2025-02-01,P001,R02,9822,2025,2,26
2025-02-01,P001,R03,5486,2025,2,26
2025-02-01,P001,R04,17167,2025,2,26
2025-02-01,P002,R01,2765,2025,2,26
2025-02-01,P002,R02,3961,2025,2,26
2025-02-01,P002,R03,7436,2025,2,26
2025-02-01,P002,R04,13398,2025,2,26
2025-02-01,P003,R01,10346,2025,2,26
2025-02-01,P003,R02,15534,2025,2,26
2025-02-01,P003,R03,9079,2025,2,26
2025-02-01,P003,R04,18308,2025,2,26
2025-02-01,P004,R01,7343,2025,2,26
2025-02-01,P004,R02,8662,2025,2,26
2025-02-01,P004,R03,2827,2025,2,26
2025-02-01,P004,R04,5708,2025,2,26
2025-02-01,P005,R01,12181,2025,2,26
2025-02-01,P005,R02,8044,2025,2,26
2025-02-01,P005,R03,4181,2025,2,26
2025-02-01,P005,R04,11883,2025,2,26
2025-02-01,P006,R01,7492,2025,2,26
2025-02-01,P006,R02,8902,2025,2,26
2025-02-01,P006,R03,6848,2025,2,26
2025-02-01,P006,R04,13436,2025,2,26
2025-02-01,P007,R01,6257,2025,2,26
2025-02-01,P007,R02,9124,2025,2,26
2025-02-01,P007,R03,7848,2025,2,26
2025-02-01,P007,R04,9043,2025,2,26
2025-02-01,P008,R01,7446,2025,2,26
2025-02-01,P008,R02,2205,2025,2,26
2025-02-01,P008,R03,4689,2025,2,26
2025-02-01,P008,R04,8525,2025,2,26
2025-03-01,P001,R01,3614,2025,3,27
2025-03-01,P001,R02,8363,2025,3,27
2025-03-01,P001,R03,12564,2025,3,27
2025-03-01,P001,R04,21239,2025,3,27
2025-03-01,P002,R01,7160,2025,3,27
2025-03-01,P002,R02,15758,2025,3,27
2025-03-01,P002,R03,10427,2025,3,27
2025-03-01,P002,R04,15148,2025,3,27
2025-03-01,P003,R01,11300,2025,3,27
2025-03-01,P003,R02,11379,2025,3,27
2025-03-01,P003,R03,9807,2025,3,27
2025-03-01,P003,R04,11651,2025,3,27
2025-03-01,P004,R01,4743,2025,3,27
2025-03-01,P004,R02,3898,2025,3,27
2025-03-01,P004,R03,7825,2025,3,27
2025-03-01,P004,R04,12365,2025,3,27
2025-03-01,P005,R01,6468,2025,3,27
2025-03-01,P005,R02,11019,2025,3,27
2025-03-01,P005,R03,4887,2025,3,27
2025-03-01,P005,R04,12307,2025,3,27
2025-03-01,P006,R01,8552,2025,3,27
2025-03-01,P006,R02,6678,2025,3,27
2025-03-01,P006,R03,1507,2025,3,27
2025-03-01,P006,R04,15383,2025,3,27
2025-03-01,P007,R01,8595,2025,3,27
2025-03-01,P007,R02,11643,2025,3,27
2025-03-01,P007,R03,2916,2025,3,27
2025-03-01,P007,R04,10103,2025,3,27
2025-03-01,P008,R01,9550,2025,3,27
2025-03-01,P008,R02,9941,2025,3,27
2025-03-01,P008,R03,5317,2025,3,27
2025-03-01,P008,R04,21567,2025,3,27
2025-04-01,P001,R01,7581,2025,4,28
2025-04-01,P001,R02,11323,2025,4,28
2025-04-01,P001,R03,7804,2025,4,28
2025-04-01,P001,R04,14373,2025,4,28
2025-04-01,P002,R01,3014,2025,4,28
2025-04-01,P002,R02,9279,2025,4,28
2025-04-01,P002,R03,4693,2025,4,28
2025-04-01,P002,R04,14268,2025,4,28
2025-04-01,P003,R01,6650,2025,4,28
2025-04-01,P003,R02,5484,2025,4,28
2025-04-01,P003,R03,4239,2025,4,28
2025-04-01,P003,R04,7338,2025,4,28
2025-04-01,P004,R01,1505,2025,4,28
2025-04-01,P004,R02,8543,2025,4,28
2025-04-01,P004,R03,6115,2025,4,28
2025-04-01,P004,R04,11610,2025,4,28
2025-04-01,P005,R01,2210,2025,4,28
2025-04-01,P005,R02,6359,2025,4,28
2025-04-01,P005,R03,2317,2025,4,28
2025-04-01,P005,R04,8063,2025,4,28
2025-04-01,P006,R01,5436,2025,4,28
2025-04-01,P006,R02,5455,2025,4,28
2025-04-01,P006,R03,6150,2025,4,28
2025-04-01,P006,R04,11404,2025,4,28
2025-04-01,P007,R01,9010,2025,4,28
2025-04-01,P007,R02,6710,2025,4,28
2025-04-01,P007,R03,5600,2025,4,28
2025-04-01,P007,R04,20690,2025,4,28
2025-04-01,P008,R01,3497,2025,4,28
2025-04-01,P008,R02,11407,2025,4,28
2025-04-01,P008,R03,8934,2025,4,28
2025-04-01,P008,R04,12480,2025,4,28
2025-05-01,P001,R01,8022,2025,5,29
2025-05-01,P001,R02,12796,2025,5,29
2025-05-01,P001,R03,2690,2025,5,29
2025-05-01,P001,R04,11700,2025,5,29
2025-05-01,P002,R01,6117,2025,5,29
2025-05-01,P002,R02,15070,2025,5,29
2025-05-01,P002,R03,1817,2025,5,29
2025-05-01,P002,R04,15072,2025,5,29
2025-05-01,P003,R01,9961,2025,5,29
2025-05-01,P003,R02,16713,2025,5,29
2025-05-01,P003,R03,8771,2025,5,29
2025-05-01,P003,R04,18229,2025,5,29
2025-05-01,P004,R01,7201,2025,5,29
2025-05-01,P004,R02,10646,2025,5,29
2025-05-01,P004,R03,12594,2025,5,29
2025-05-01,P004,R04,15634,2025,5,29
2025-05-01,P005,R01,5353,2025,5,29
2025-05-01,P005,R02,2169,2025,5,29
2025-05-01,P005,R03,5203,2025,5,29
2025-05-01,P005,R04,10516,2025,5,29
2025-05-01,P006,R01,4234,2025,5,29
2025-05-01,P006,R02,7576,2025,5,29
2025-05-01,P006,R03,3565,2025,5,29
2025-05-01,P006,R04,18269,2025,5,29
2025-05-01,P007,R01,361,2025,5,29
2025-05-01,P007,R02,10244,2025,5,29
2025-05-01,P007,R03,1840,2025,5,29
2025-05-01,P007,R04,15893,2025,5,29
2025-05-01,P008,R01,5343,2025,5,29
2025-05-01,P008,R02,8065,2025,5,29
2025-05-01,P008,R03,4517,2025,5,29
2025-05-01,P008,R04,12675,2025,5,29
2025-06-01,P001,R01,6170,2025,6,30
2025-06-01,P001,R02,13317,2025,6,30
2025-06-01,P001,R03,6697,2025,6,30
2025-06-01,P001,R04,11271,2025,6,30
2025-06-01,P002,R01,7962,2025,6,30
2025-06-01,P002,R02,6469,2025,6,30
2025-06-01,P002,R03,7994,2025,6,30
2025-06-01,P002,R04,13792,2025,6,30
2025-06-01,P003,R01,8768,2025,6,30
2025-06-01,P003,R02,12348,2025,6,30
2025-06-01,P003,R03,7295,2025,6,30
2025-06-01,P003,R04,22398,2025,6,30
2025-06-01,P004,R01,4848,2025,6,30
2025-06-01,P004,R02,6330,2025,6,30
2025-06-01,P004,R03,10320,2025,6,30
2025-06-01,P004,R04,7689,2025,6,30
2025-06-01,P005,R01,3889,2025,6,30
2025-06-01,P005,R02,3126,2025,6,30
2025-06-01,P005,R03,3895,2025,6,30
2025-06-01,P005,R04,13461,2025,6,30
2025-06-01,P006,R01,937,2025,6,30
2025-06-01,P006,R02,15868,2025,6,30
2025-06-01,P006,R03,2708,2025,6,30
2025-06-01,P006,R04,15430,2025,6,30
2025-06-01,P007,R01,5648,2025,6,30
2025-06-01,P007,R02,7455,2025,6,30
2025-06-01,P007,R03,302,2025,6,30
2025-06-01,P007,R04,8867,2025,6,30
2025-06-01,P008,R01,4043,2025,6,30
2025-06-01,P008,R02,8048,2025,6,30
2025-06-01,P008,R03,5557,2025,6,30
2025-06-01,P008,R04,14338,2025,6,30
2025-07-01,P001,R01,3906,2025,7,31
2025-07-01,P001,R02,16164,2025,7,31
2025-07-01,P001,R03,1672,2025,7,31
2025-07-01,P001,R04,13417,2025,7,31
2025-07-01,P002,R01,10436,2025,7,31
2025-07-01,P002,R02,7965,2025,7,31
2025-07-01,P002,R03,6384,2025,7,31
2025-07-01,P002,R04,15238,2025,7,31
2025-07-01,P003,R01,13162,2025,7,31
2025-07-01,P003,R02,14929,2025,7,31
2025-07-01,P003,R03,3146,2025,7,31
2025-07-01,P003,R04,31424,2025,7,31
2025-07-01,P004,R01,6644,2025,7,31
2025-07-01,P004,R02,7104,2025,7,31
2025-07-01,P004,R03,3094,2025,7,31
2025-07-01,P004,R04,6207,2025,7,31
2025-07-01,P005,R01,4284,2025,7,31
2025-07-01,P005,R02,4475,2025,7,31
2025-07-01,P005,R03,4545,2025,7,31
2025-07-01,P005,R04,14274,2025,7,31
2025-07-01,P006,R01,6950,2025,7,31
2025-07-01,P006,R02,10451,2025,7,31
2025-07-01,P006,R03,4357,2025,7,31
2025-07-01,P006,R04,3376,2025,7,31
2025-07-01,P007,R01,3730,2025,7,31
2025-07-01,P007,R02,6336,2025,7,31
2025-07-01,P007,R03,9510,2025,7,31
2025-07-01,P007,R04,9075,2025,7,31
2025-07-01,P008,R01,3169,2025,7,31
2025-07-01,P008,R02,10832,2025,7,31
2025-07-01,P008,R03,10127,2025,7,31
2025-07-01,P008,R04,12345,2025,7,31
2025-08-01,P001,R01,13590,2025,8,32
2025-08-01,P001,R02,8341,2025,8,32
2025-08-01,P001,R03,15541,2025,8,32
2025-08-01,P001,R04,15289,2025,8,32
2025-08-01,P002,R01,5652,2025,8,32
2025-08-01,P002,R02,11505,2025,8,32
2025-08-01,P002,R03,5717,2025,8,32
2025-08-01,P002,R04,6928,2025,8,32
2025-08-01,P003,R01,5048,2025,8,32
2025-08-01,P003,R02,8786,2025,8,32
2025-08-01,P003,R03,7063,2025,8,32
2025-08-01,P003,R04,13825,2025,8,32
2025-08-01,P004,R01,5179,2025,8,32
2025-08-01,P004,R02,16181,2025,8,32
2025-08-01,P004,R03,4661,2025,8,32
2025-08-01,P004,R04,13092,2025,8,32
2025-08-01,P005,R01,12247,2025,8,32
2025-08-01,P005,R02,13253,2025,8,32
2025-08-01,P005,R03,2509,2025,8,32
2025-08-01,P005,R04,7711,2025,8,32
2025-08-01,P006,R01,3649,2025,8,32
2025-08-01,P006,R02,10946,2025,8,32
2025-08-01,P006,R03,8928,2025,8,32
2025-08-01,P006,R04,5272,2025,8,32
2025-08-01,P007,R01,7583,2025,8,32
2025-08-01,P007,R02,3641,2025,8,32
2025-08-01,P007,R03,1817,2025,8,32
2025-08-01,P007,R04,9809,2025,8,32
2025-08-01,P008,R01,3893,2025,8,32
2025-08-01,P008,R02,11121,2025,8,32
2025-08-01,P008,R03,6378,2025,8,32
2025-08-01,P008,R04,15982,2025,8,32
2025-09-01,P001,R01,9236,2025,9,33
2025-09-01,P001,R02,12766,2025,9,33
2025-09-01,P001,R03,10957,2025,9,33
2025-09-01,P001,R04,13922,2025,9,33
2025-09-01,P002,R01,2160,2025,9,33
2025-09-01,P002,R02,6727,2025,9,33
2025-09-01,P002,R03,9572,2025,9,33
2025-09-01,P002,R04,13134,2025,9,33
2025-09-01,P003,R01,9613,2025,9,33
2025-09-01,P003,R02,17143,2025,9,33
2025-09-01,P003,R03,7599,2025,9,33
2025-09-01,P003,R04,17786,2025,9,33
2025-09-01,P004,R01,8446,2025,9,33
2025-09-01,P004,R02,9286,2025,9,33
2025-09-01,P004,R03,0,2025,9,33
2025-09-01,P004,R04,5721,2025,9,33
2025-09-01,P005,R01,10962,2025,9,33
2025-09-01,P005,R02,8527,2025,9,33
2025-09-01,P005,R03,3485,2025,9,33
2025-09-01,P005,R04,23193,2025,9,33
2025-09-01,P006,R01,3630,2025,9,33
2025-09-01,P006,R02,8651,2025,9,33
2025-09-01,P006,R03,2610,2025,9,33
2025-09-01,P006,R04,13738,2025,9,33
2025-09-01,P007,R01,11861,2025,9,33
2025-09-01,P007,R02,9445,2025,9,33
2025-09-01,P007,R03,4513,2025,9,33
2025-09-01,P007,R04,7724,2025,9,33
2025-09-01,P008,R01,7808,2025,9,33
2025-09-01,P008,R02,10313,2025,9,33
2025-09-01,P008,R03,1764,2025,9,33
2025-09-01,P008,R04,7396,2025,9,33
2025-10-01,P001,R01,5834,2025,10,34
2025-10-01,P001,R02,11017,2025,10,34
2025-10-01,P001,R03,8080,2025,10,34
2025-10-01,P001,R04,22560,2025,10,34
2025-10-01,P002,R01,6196,2025,10,34
2025-10-01,P002,R02,2473,2025,10,34
2025-10-01,P002,R03,7424,2025,10,34
2025-10-01,P002,R04,18955,2025,10,34
2025-10-01,P003,R01,13679,2025,10,34
2025-10-01,P003,R02,20362,2025,10,34
2025-10-01,P003,R03,6281,2025,10,34
2025-10-01,P003,R04,26405,2025,10,34
2025-10-01,P004,R01,6971,2025,10,34
2025-10-01,P004,R02,9976,2025,10,34
2025-10-01,P004,R03,6061,2025,10,34
2025-10-01,P004,R04,16810,2025,10,34
2025-10-01,P005,R01,7559,2025,10,34
2025-10-01,P005,R02,9988,2025,10,34
2025-10-01,P005,R03,8232,2025,10,34
2025-10-01,P005,R04,10801,2025,10,34
2025-10-01,P006,R01,5491,2025,10,34
2025-10-01,P006,R02,7239,2025,10,34
2025-10-01,P006,R03,7036,2025,10,34
2025-10-01,P006,R04,12074,2025,10,34
2025-10-01,P007,R01,7628,2025,10,34
2025-10-01,P007,R02,7126,2025,10,34
2025-10-01,P007,R03,5512,2025,10,34
2025-10-01,P007,R04,18449,2025,10,34
2025-10-01,P008,R01,8286,2025,10,34
2025-10-01,P008,R02,11161,2025,10,34
2025-10-01,P008,R03,6211,2025,10,34
2025-10-01,P008,R04,15618,2025,10,34
2025-11-01,P001,R01,10025,2025,11,35
2025-11-01,P001,R02,9580,2025,11,35
2025-11-01,P001,R03,5193,2025,11,35
2025-11-01,P001,R04,11623,2025,11,35
2025-11-01,P002,R01,7555,2025,11,35
2025-11-01,P002,R02,6599,2025,11,35
2025-11-01,P002,R03,3973,2025,11,35
2025-11-01,P002,R04,11941,2025,11,35
2025-11-01,P003,R01,10407,2025,11,35
2025-11-01,P003,R02,7785,2025,11,35
2025-11-01,P003,R03,6199,2025,11,35
2025-11-01,P003,R04,17350,2025,11,35
2025-11-01,P004,R01,128,2025,11,35
2025-11-01,P004,R02,3906,2025,11,35
2025-11-01,P004,R03,6928,2025,11,35
2025-11-01,P004,R04,5192,2025,11,35
2025-11-01,P005,R01,7060,2025,11,35
2025-11-01,P005,R02,18078,2025,11,35
2025-11-01,P005,R03,4876,2025,11,35
2025-11-01,P005,R04,12639,2025,11,35
2025-11-01,P006,R01,10487,2025,11,35
2025-11-01,P006,R02,8574,2025,11,35
2025-11-01,P006,R03,5122,2025,11,35
2025-11-01,P006,R04,9967,2025,11,35
2025-11-01,P007,R01,9025,2025,11,35
2025-11-01,P007,R02,7355,2025,11,35
2025-11-01,P007,R03,10397,2025,11,35
2025-11-01,P007,R04,12290,2025,11,35
2025-11-01,P008,R01,5416,2025,11,35
2025-11-01,P008,R02,7939,2025,11,35
2025-11-01,P008,R03,845,2025,11,35
2025-11-01,P008,R04,16208,2025,11,35
2025-12-01,P001,R01,12233,2025,12,36
2025-12-01,P001,R02,15907,2025,12,36
2025-12-01,P001,R03,5702,2025,12,36
2025-12-01,P001,R04,24643,2025,12,36
2025-12-01,P002,R01,7702,2025,12,36
2025-12-01,P002,R02,10468,2025,12,36
2025-12-01,P002,R03,8411,2025,12,36
2025-12-01,P002,R04,13483,2025,12,36
2025-12-01,P003,R01,9317,2025,12,36
2025-12-01,P003,R02,10879,2025,12,36
2025-12-01,P003,R03,7006,2025,12,36
2025-12-01,P003,R04,11942,2025,12,36
2025-12-01,P004,R01,1658,2025,12,36
2025-12-01,P004,R02,9544,2025,12,36
2025-12-01,P004,R03,2797,2025,12,36
2025-12-01,P004,R04,18632,2025,12,36
2025-12-01,P005,R01,4217,2025,12,36
2025-12-01,P005,R02,7417,2025,12,36
2025-12-01,P005,R03,5506,2025,12,36
2025-12-01,P005,R04,3264,2025,12,36
2025-12-01,P006,R01,6951,2025,12,36
2025-12-01,P006,R02,11575,2025,12,36
2025-12-01,P006,R03,5429,2025,12,36
2025-12-01,P006,R04,13409,2025,12,36
2025-12-01,P007,R01,9629,2025,12,36
2025-12-01,P007,R02,17343,2025,12,36
2025-12-01,P007,R03,1614,2025,12,36
2025-12-01,P007,R04,15045,2025,12,36
2025-12-01,P008,R01,10155,2025,12,36
2025-12-01,P008,R02,5950,2025,12,36
2025-12-01,P008,R03,6157,2025,12,36
2025-12-01,P008,R04,12527,2025,12,36
