forecast_month,Product_ID,Region_ID,Actual_Demand,Model,forecast_demand,Product_Category,Product_Line,Region,evaluation_scope,forecast_error,absolute_error,squared_error,forecast_error_pct,forecast_direction,exception_priority
2025-07-01,P003,R04,31424,Random Forest,14682.857356782106,Motor Component,EV Component,South America,Final test / rolling one-month-ahead,-16741.142643217892,16741.142643217892,280265857.00056857,-53.27502114058647,Underforecast,1
2025-12-01,P005,R04,3264,Random Forest,15367.662602383723,Sensor,Automotive Component,South America,Final test / rolling one-month-ahead,12103.662602383723,12103.662602383723,146498648.39234233,370.82299639656014,Overforecast,2
2025-12-01,P001,R04,24643,Random Forest,12859.879229199898,Battery System,EV Component,South America,Final test / rolling one-month-ahead,-11783.120770800102,11783.120770800102,138841935.09926078,-47.81528535811428,Underforecast,3
2025-12-01,P007,R02,17343,Random Forest,6621.68119220594,Transmission,Automotive Component,Europe,Final test / rolling one-month-ahead,-10721.318807794061,10721.318807794061,114946676.97835867,-61.81928621227043,Underforecast,4
2025-10-01,P003,R04,26405,Random Forest,16074.097480755368,Motor Component,EV Component,South America,Final test / rolling one-month-ahead,-10330.902519244632,10330.902519244632,106727546.86213507,-39.124796512950695,Underforecast,5
2025-09-01,P005,R04,23193,Random Forest,13064.995285200914,Sensor,Automotive Component,South America,Final test / rolling one-month-ahead,-10128.004714799086,10128.004714799086,102576479.50299253,-43.66836853705466,Underforecast,6
2025-12-01,P004,R04,18632,Random Forest,8521.322747724045,Electronic Module,Automotive Component,South America,Final test / rolling one-month-ahead,-10110.677252275955,10110.677252275955,102225794.49969044,-54.2651205038426,Underforecast,7
2025-11-01,P004,R04,5192,Random Forest,15127.290724205,Electronic Module,Automotive Component,South America,Final test / rolling one-month-ahead,9935.290724205,9935.290724205,98710001.77447392,191.35767958792374,Overforecast,8
2025-08-01,P001,R03,15541,Random Forest,5937.901155464314,Battery System,EV Component,Asia,Final test / rolling one-month-ahead,-9603.098844535685,9603.098844535685,92219507.41792262,-61.792026539705844,Underforecast,9
2025-10-01,P001,R04,22560,Random Forest,13260.78141277882,Battery System,EV Component,South America,Final test / rolling one-month-ahead,-9299.21858722118,9299.21858722118,86475466.33291987,-41.21994054619317,Underforecast,10
2025-07-01,P006,R04,3376,Random Forest,12598.257079628058,Brake System,Automotive Component,South America,Final test / rolling one-month-ahead,9222.257079628058,9222.257079628058,85050025.64274983,273.1711220268974,Overforecast,11
2025-08-01,P004,R02,16181,Random Forest,7286.717672237657,Electronic Module,Automotive Component,Europe,Final test / rolling one-month-ahead,-8894.282327762343,8894.282327762343,79108258.12594552,-54.96744532329487,Underforecast,12
2025-11-01,P005,R02,18078,Random Forest,9283.028221502782,Sensor,Automotive Component,Europe,Final test / rolling one-month-ahead,-8794.971778497218,8794.971778497218,77351528.58456253,-48.65013706437227,Underforecast,13
2025-08-01,P006,R04,5272,Random Forest,13705.56114806027,Brake System,Automotive Component,South America,Final test / rolling one-month-ahead,8433.56114806027,8433.56114806027,71124953.63807164,159.968914037562,Overforecast,14
2025-10-01,P004,R04,16810,Random Forest,8819.47405074555,Electronic Module,Automotive Component,South America,Final test / rolling one-month-ahead,-7990.52594925445,7990.52594925445,63848504.94570873,-47.53436019782541,Underforecast,15
2025-09-01,P004,R03,0,Random Forest,7515.063712814963,Electronic Module,Automotive Component,Asia,Final test / rolling one-month-ahead,7515.063712814963,7515.063712814963,56476182.60766821,,Overforecast,16
2025-09-01,P004,R04,5721,Random Forest,13187.413499281223,Electronic Module,Automotive Component,South America,Final test / rolling one-month-ahead,7466.413499281223,7466.413499281223,55747330.54224888,130.50888829367634,Overforecast,17
2025-11-01,P004,R01,128,Random Forest,7494.169250793364,Electronic Module,Automotive Component,North America,Final test / rolling one-month-ahead,7366.169250793364,7366.169250793364,54260449.43133367,5754.819727182316,Overforecast,18
2025-08-01,P005,R02,13253,Random Forest,6097.676707424517,Sensor,Automotive Component,Europe,Final test / rolling one-month-ahead,-7155.323292575483,7155.323292575483,51198651.42127325,-53.990215744174776,Underforecast,19
2025-09-01,P008,R04,7396,Random Forest,14409.114553306346,Control Unit,Automotive Component,South America,Final test / rolling one-month-ahead,7013.114553306346,7013.114553306346,49183775.737797275,94.82307400360122,Overforecast,20
2025-11-01,P004,R02,3906,Random Forest,10648.082145965143,Electronic Module,Automotive Component,Europe,Final test / rolling one-month-ahead,6742.082145965143,6742.082145965143,45455671.662941955,172.60834987109942,Overforecast,21
2025-08-01,P005,R01,12247,Random Forest,5647.537298354424,Sensor,Automotive Component,North America,Final test / rolling one-month-ahead,-6599.462701645576,6599.462701645576,43552907.950411126,-53.88636157136912,Underforecast,22
2025-11-01,P003,R02,7785,Random Forest,14244.927537454374,Motor Component,EV Component,Europe,Final test / rolling one-month-ahead,6459.927537454374,6459.927537454374,41730663.78916133,82.97915911951668,Overforecast,23
2025-08-01,P002,R04,6928,Random Forest,13376.29887349184,Powertrain,Automotive Component,South America,Final test / rolling one-month-ahead,6448.29887349184,6448.29887349184,41580558.36187613,93.07590752730717,Overforecast,24
2025-09-01,P007,R04,7724,Random Forest,14167.383874790528,Transmission,Automotive Component,South America,Final test / rolling one-month-ahead,6443.383874790528,6443.383874790528,41517195.7579106,83.42029874146205,Overforecast,25
2025-12-01,P007,R03,1614,Random Forest,7988.126182450946,Transmission,Automotive Component,Asia,Final test / rolling one-month-ahead,6374.126182450946,6374.126182450946,40629484.58980667,394.9272727664774,Overforecast,26
2025-10-01,P002,R02,2473,Random Forest,8703.211387631527,Powertrain,Automotive Component,Europe,Final test / rolling one-month-ahead,6230.211387631527,6230.211387631527,38815533.93457356,251.92929185732015,Overforecast,27
2025-09-01,P002,R02,6727,Random Forest,12929.466468090195,Powertrain,Automotive Component,Europe,Final test / rolling one-month-ahead,6202.466468090195,6202.466468090195,38470590.28778326,92.20256381879285,Overforecast,28
2025-10-01,P005,R04,10801,Random Forest,16859.037102633472,Sensor,Automotive Component,South America,Final test / rolling one-month-ahead,6058.037102633472,6058.037102633472,36699813.53688376,56.08774282597419,Overforecast,29
2025-08-01,P001,R01,13590,Random Forest,7660.469006281047,Battery System,EV Component,North America,Final test / rolling one-month-ahead,-5929.530993718953,5929.530993718953,35159337.80547368,-43.6315746410519,Underforecast,30
2025-07-01,P001,R03,1672,Random Forest,7401.136085079746,Battery System,EV Component,Asia,Final test / rolling one-month-ahead,5729.136085079746,5729.136085079746,32823000.281362884,342.6516797296499,Overforecast,31
2025-08-01,P007,R02,3641,Random Forest,9126.354923896488,Transmission,Automotive Component,Europe,Final test / rolling one-month-ahead,5485.354923896488,5485.354923896488,30089118.641115446,150.65517505895326,Overforecast,32
2025-08-01,P003,R01,5048,Random Forest,10529.19662507131,Motor Component,EV Component,North America,Final test / rolling one-month-ahead,5481.19662507131,5481.19662507131,30043516.44269312,108.58154962502596,Overforecast,33
2025-10-01,P003,R02,20362,Random Forest,14918.315785865563,Motor Component,EV Component,Europe,Final test / rolling one-month-ahead,-5443.684214134437,5443.684214134437,29633697.82321646,-26.734526147404168,Underforecast,34
2025-09-01,P003,R02,17143,Random Forest,11982.885297632916,Motor Component,EV Component,Europe,Final test / rolling one-month-ahead,-5160.114702367084,5160.114702367084,26626783.741584938,-30.100418260322485,Underforecast,35
2025-07-01,P001,R02,16164,Random Forest,11063.76110184126,Battery System,EV Component,Europe,Final test / rolling one-month-ahead,-5100.238898158739,5100.238898158739,26012436.81829147,-31.55307410392687,Underforecast,36
2025-11-01,P001,R03,5193,Random Forest,10266.627694004528,Battery System,EV Component,Asia,Final test / rolling one-month-ahead,5073.627694004528,5073.627694004528,25741697.977369707,97.70128430588346,Overforecast,37
2025-07-01,P003,R03,3146,Random Forest,8199.234487361016,Motor Component,EV Component,Asia,Final test / rolling one-month-ahead,5053.234487361016,5053.234487361016,25535178.784254752,160.6241095791804,Overforecast,38
2025-07-01,P003,R01,13162,Random Forest,8125.400018251018,Motor Component,EV Component,North America,Final test / rolling one-month-ahead,-5036.599981748982,5036.599981748982,25367339.376153845,-38.266220800402536,Underforecast,39
2025-09-01,P008,R03,1764,Random Forest,6717.533442819545,Control Unit,Automotive Component,Asia,Final test / rolling one-month-ahead,4953.533442819545,4953.533442819545,24537493.56913165,280.81255344782,Overforecast,40
2025-07-01,P004,R03,3094,Random Forest,7985.533383028898,Electronic Module,Automotive Component,Asia,Final test / rolling one-month-ahead,4891.533383028898,4891.533383028898,23927098.837286137,158.09739440946666,Overforecast,41
2025-11-01,P008,R03,845,Random Forest,5655.849529743134,Control Unit,Automotive Component,Asia,Final test / rolling one-month-ahead,4810.849529743134,4810.849529743134,23144273.19782973,569.3313052950454,Overforecast,42
2025-10-01,P007,R04,18449,Random Forest,13640.636639069266,Transmission,Automotive Component,South America,Final test / rolling one-month-ahead,-4808.363360930734,4808.363360930734,23120358.210741106,-26.063002661015418,Underforecast,43
2025-11-01,P006,R01,10487,Random Forest,5717.657118284496,Brake System,Automotive Component,North America,Final test / rolling one-month-ahead,-4769.342881715504,4769.342881715504,22746631.523370344,-45.47862002207975,Underforecast,44
2025-11-01,P007,R03,10397,Random Forest,5736.339050324675,Transmission,Automotive Component,Asia,Final test / rolling one-month-ahead,-4660.660949675325,4660.660949675325,21721760.487828504,-44.82697845220088,Underforecast,45
2025-09-01,P002,R01,2160,Random Forest,6791.967695505605,Powertrain,Automotive Component,North America,Final test / rolling one-month-ahead,4631.967695505605,4631.967695505605,21455124.732207503,214.44294886600022,Overforecast,46
2025-11-01,P002,R03,3973,Random Forest,8590.588191491266,Powertrain,Automotive Component,Asia,Final test / rolling one-month-ahead,4617.588191491266,4617.588191491266,21322120.706199583,116.2242182605403,Overforecast,47
2025-11-01,P007,R04,12290,Random Forest,16864.661535324438,Transmission,Automotive Component,South America,Final test / rolling one-month-ahead,4574.661535324438,4574.661535324438,20927528.162776943,37.22263250874238,Overforecast,48
2025-12-01,P003,R04,11942,Random Forest,16477.59114936453,Motor Component,EV Component,South America,Final test / rolling one-month-ahead,4535.591149364529,4535.591149364529,20571587.07419385,37.98016370260031,Overforecast,49
2025-07-01,P007,R03,9510,Random Forest,5051.294119227991,Transmission,Automotive Component,Asia,Final test / rolling one-month-ahead,-4458.705880772009,4458.705880772009,19880058.131230894,-46.88439411957948,Underforecast,50
2025-08-01,P007,R04,9809,Random Forest,14150.199875776998,Transmission,Automotive Component,South America,Final test / rolling one-month-ahead,4341.199875776998,4341.199875776998,18846016.361446224,44.2573134445611,Overforecast,51
2025-09-01,P005,R01,10962,Random Forest,6773.579113827066,Sensor,Automotive Component,North America,Final test / rolling one-month-ahead,-4188.420886172934,4188.420886172934,17542869.519729666,-38.20854667189321,Underforecast,52
2025-12-01,P005,R02,7417,Random Forest,11540.723811632814,Sensor,Automotive Component,Europe,Final test / rolling one-month-ahead,4123.7238116328135,4123.7238116328135,17005098.07462746,55.598271695197695,Overforecast,53
2025-09-01,P007,R01,11861,Random Forest,7751.434951420719,Transmission,Automotive Component,North America,Final test / rolling one-month-ahead,-4109.565048579281,4109.565048579281,16888524.88850443,-34.64771139515455,Underforecast,54
2025-12-01,P008,R01,10155,Random Forest,6072.042483974427,Control Unit,Automotive Component,North America,Final test / rolling one-month-ahead,-4082.9575160255727,4082.9575160255727,16670542.077669714,-40.206376327184365,Underforecast,55
2025-10-01,P001,R02,11017,Random Forest,15096.92334232299,Battery System,EV Component,Europe,Final test / rolling one-month-ahead,4079.9233423229907,4079.9233423229907,16645774.479232004,37.032979416565226,Overforecast,56
2025-12-01,P001,R01,12233,Random Forest,8268.225196016874,Battery System,EV Component,North America,Final test / rolling one-month-ahead,-3964.774803983126,3964.774803983126,15719439.246299434,-32.41048642183541,Underforecast,57
2025-07-01,P008,R02,10832,Random Forest,6871.577728235407,Control Unit,Automotive Component,Europe,Final test / rolling one-month-ahead,-3960.4222717645926,3960.4222717645926,15684944.570689017,-36.562244015552004,Underforecast,58
2025-09-01,P003,R04,17786,Random Forest,13932.27556444944,Motor Component,EV Component,South America,Final test / rolling one-month-ahead,-3853.724435550561,3853.724435550561,14851192.02515949,-21.667178879740028,Underforecast,59
2025-08-01,P006,R03,8928,Random Forest,5104.076393284582,Brake System,Automotive Component,Asia,Final test / rolling one-month-ahead,-3823.923606715418,3823.923606715418,14622391.74999545,-42.83068555908846,Underforecast,60
2025-12-01,P005,R01,4217,Random Forest,7928.398816088697,Sensor,Automotive Component,North America,Final test / rolling one-month-ahead,3711.3988160886965,3711.3988160886965,13774481.172064578,88.01040588306134,Overforecast,61
2025-09-01,P002,R03,9572,Random Forest,5888.693608048622,Powertrain,Automotive Component,Asia,Final test / rolling one-month-ahead,-3683.306391951378,3683.306391951378,13566745.976989878,-38.480008273624925,Underforecast,62
2025-09-01,P006,R03,2610,Random Forest,6238.378973845599,Brake System,Automotive Component,Asia,Final test / rolling one-month-ahead,3628.378973845599,3628.378973845599,13165133.977844842,139.01835148833712,Overforecast,63
2025-12-01,P002,R02,10468,Random Forest,6868.161093417606,Powertrain,Automotive Component,Europe,Final test / rolling one-month-ahead,-3599.838906582394,3599.838906582394,12958840.153344326,-34.38898458714553,Underforecast,64
2025-09-01,P001,R03,10957,Random Forest,7370.083770799121,Battery System,EV Component,Asia,Final test / rolling one-month-ahead,-3586.9162292008787,3586.9162292008787,12865968.03530465,-32.73629852332645,Underforecast,65
2025-08-01,P008,R02,11121,Random Forest,7536.817319277949,Control Unit,Automotive Component,Europe,Final test / rolling one-month-ahead,-3584.1826807220514,3584.1826807220514,12846365.48878791,-32.228960351785375,Underforecast,66
2025-07-01,P004,R04,6207,Random Forest,9780.693297799422,Electronic Module,Automotive Component,South America,Final test / rolling one-month-ahead,3573.693297799422,3573.693297799422,12771283.786736509,57.57521021104272,Overforecast,67
2025-12-01,P004,R01,1658,Random Forest,5101.908082070705,Electronic Module,Automotive Component,North America,Final test / rolling one-month-ahead,3443.908082070705,3443.908082070705,11860502.877751922,207.71460084865532,Overforecast,68
2025-08-01,P001,R02,8341,Random Forest,11759.942337392473,Battery System,EV Component,Europe,Final test / rolling one-month-ahead,3418.942337392473,3418.942337392473,11689166.706414705,40.98959761890029,Overforecast,69
2025-07-01,P008,R01,3169,Random Forest,6573.189887064322,Control Unit,Automotive Component,North America,Final test / rolling one-month-ahead,3404.1898870643217,3404.1898870643217,11588508.787191,107.42158053216541,Overforecast,70
2025-10-01,P005,R02,9988,Random Forest,6595.65363273056,Sensor,Automotive Component,Europe,Final test / rolling one-month-ahead,-3392.3463672694397,3392.3463672694397,11508013.875526164,-33.96422073757949,Underforecast,71
2025-07-01,P007,R04,9075,Random Forest,12464.288895812524,Transmission,Automotive Component,South America,Final test / rolling one-month-ahead,3389.288895812524,3389.288895812524,11487279.219278079,37.347536042011285,Overforecast,72
2025-08-01,P005,R04,7711,Random Forest,10949.658622039724,Sensor,Automotive Component,South America,Final test / rolling one-month-ahead,3238.658622039724,3238.658622039724,10488909.670112243,42.000500869403766,Overforecast,73
2025-10-01,P008,R04,15618,Random Forest,12416.927566197686,Control Unit,Automotive Component,South America,Final test / rolling one-month-ahead,-3201.0724338023138,3201.0724338023138,10246864.726449069,-20.496045804855385,Underforecast,74
2025-07-01,P002,R01,10436,Random Forest,7285.875236149895,Powertrain,Automotive Component,North America,Final test / rolling one-month-ahead,-3150.1247638501054,3150.1247638501054,9923286.027821682,-30.18517404992435,Underforecast,75
2025-10-01,P003,R01,13679,Random Forest,10559.24825868576,Motor Component,EV Component,North America,Final test / rolling one-month-ahead,-3119.7517413142396,3119.7517413142396,9732850.92743323,-22.80686995624124,Underforecast,76
2025-08-01,P005,R03,2509,Random Forest,5610.977685023308,Sensor,Automotive Component,Asia,Final test / rolling one-month-ahead,3101.9776850233084,3101.9776850233084,9622265.558382563,123.63402491125181,Overforecast,77
2025-08-01,P003,R02,8786,Random Forest,11881.549279461024,Motor Component,EV Component,Europe,Final test / rolling one-month-ahead,3095.5492794610236,3095.5492794610236,9582425.341571663,35.23274845733011,Overforecast,78
2025-12-01,P007,R04,15045,Random Forest,11962.485099206346,Transmission,Automotive Component,South America,Final test / rolling one-month-ahead,-3082.5149007936543,3082.5149007936543,9501898.113614913,-20.488633438309435,Underforecast,79
2025-12-01,P008,R02,5950,Random Forest,9029.178022437833,Control Unit,Automotive Component,Europe,Final test / rolling one-month-ahead,3079.1780224378326,3079.1780224378326,9481337.29386416,51.75089113340895,Overforecast,80
2025-10-01,P008,R01,8286,Random Forest,5319.198922979799,Control Unit,Automotive Component,North America,Final test / rolling one-month-ahead,-2966.801077020201,2966.801077020201,8801908.630608223,-35.80498524040793,Underforecast,81
2025-11-01,P001,R02,9580,Random Forest,12546.147339202464,Battery System,EV Component,Europe,Final test / rolling one-month-ahead,2966.1473392024636,2966.1473392024636,8798030.037857855,30.961872016727177,Overforecast,82
2025-12-01,P006,R04,13409,Random Forest,10446.038156246532,Brake System,Automotive Component,South America,Final test / rolling one-month-ahead,-2962.961843753468,2962.961843753468,8779142.88753895,-22.09681440639472,Underforecast,83
2025-08-01,P007,R01,7583,Random Forest,4700.739050699301,Transmission,Automotive Component,North America,Final test / rolling one-month-ahead,-2882.2609493006994,2882.2609493006994,8307428.179863769,-38.00950744165501,Underforecast,84
2025-07-01,P008,R03,10127,Random Forest,7287.105223960013,Control Unit,Automotive Component,Asia,Final test / rolling one-month-ahead,-2839.894776039987,2839.894776039987,8065002.338979208,-28.042804147723775,Underforecast,85
2025-11-01,P008,R02,7939,Random Forest,10760.90525408119,Control Unit,Automotive Component,Europe,Final test / rolling one-month-ahead,2821.90525408119,2821.90525408119,7963149.263011025,35.54484512005529,Overforecast,86
2025-12-01,P006,R02,11575,Random Forest,8767.196868983277,Brake System,Automotive Component,Europe,Final test / rolling one-month-ahead,-2807.8031310167225,2807.8031310167225,7883758.422547311,-24.25747845370819,Underforecast,87
2025-07-01,P003,R02,14929,Random Forest,12200.303923266276,Motor Component,EV Component,Europe,Final test / rolling one-month-ahead,-2728.696076733724,2728.696076733724,7445782.279182018,-18.277822203320547,Underforecast,88
2025-11-01,P006,R04,9967,Random Forest,12669.542663433784,Brake System,Automotive Component,South America,Final test / rolling one-month-ahead,2702.5426634337837,2702.5426634337837,7303736.84767977,27.114905823555567,Overforecast,89
2025-08-01,P004,R03,4661,Random Forest,7358.752793858267,Electronic Module,Automotive Component,Asia,Final test / rolling one-month-ahead,2697.752793858267,2697.752793858267,7277870.136770085,57.87927041103341,Overforecast,90
2025-08-01,P004,R04,13092,Random Forest,10434.076865925745,Electronic Module,Automotive Component,South America,Final test / rolling one-month-ahead,-2657.9231340742554,2657.9231340742554,7064555.386647112,-20.30188767242786,Underforecast,91
2025-09-01,P008,R01,7808,Random Forest,5172.876277181152,Control Unit,Automotive Component,North America,Final test / rolling one-month-ahead,-2635.1237228188484,2635.1237228188484,6943877.034562667,-33.74902308938074,Underforecast,92
2025-08-01,P007,R03,1817,Random Forest,4447.205482309358,Transmission,Automotive Component,Asia,Final test / rolling one-month-ahead,2630.2054823093576,2630.2054823093576,6917980.879170201,144.75539253216058,Overforecast,93
2025-11-01,P002,R02,6599,Random Forest,9027.369005375183,Powertrain,Automotive Component,Europe,Final test / rolling one-month-ahead,2428.3690053751834,2428.3690053751834,5896976.026266858,36.799045391349956,Overforecast,94
2025-08-01,P008,R04,15982,Random Forest,13591.602021824752,Control Unit,Automotive Component,South America,Final test / rolling one-month-ahead,-2390.3979781752478,2390.3979781752478,5714002.494064312,-14.956813779096782,Underforecast,95
2025-10-01,P002,R04,18955,Random Forest,16673.050036045934,Powertrain,Automotive Component,South America,Final test / rolling one-month-ahead,-2281.9499639540663,2281.9499639540663,5207295.637989964,-12.038775858370173,Underforecast,96
2025-09-01,P005,R02,8527,Random Forest,6249.293690470227,Sensor,Automotive Component,Europe,Final test / rolling one-month-ahead,-2277.7063095297726,2277.7063095297726,5187946.032471736,-26.711695901603992,Underforecast,97
2025-12-01,P004,R03,2797,Random Forest,4986.383088758465,Electronic Module,Automotive Component,Asia,Final test / rolling one-month-ahead,2189.3830887584654,2189.3830887584654,4793398.309341558,78.27612044184717,Overforecast,98
2025-09-01,P001,R01,9236,Random Forest,7052.833245785703,Battery System,EV Component,North America,Final test / rolling one-month-ahead,-2183.166754214297,2183.166754214297,4766217.076706588,-23.637578542813955,Underforecast,99
2025-10-01,P006,R02,7239,Random Forest,9419.25857522692,Brake System,Automotive Component,Europe,Final test / rolling one-month-ahead,2180.2585752269206,2180.2585752269206,4753527.454850522,30.118228694942957,Overforecast,100
2025-07-01,P006,R01,6950,Random Forest,4790.783136363636,Brake System,Automotive Component,North America,Final test / rolling one-month-ahead,-2159.216863636364,2159.216863636364,4662217.464211657,-31.067868541530416,Underforecast,101
2025-07-01,P001,R01,3906,Random Forest,6017.7671340165625,Battery System,EV Component,North America,Final test / rolling one-month-ahead,2111.7671340165625,2111.7671340165625,4459560.428312526,54.06469877154538,Overforecast,102
2025-07-01,P005,R02,4475,Random Forest,6481.357924027359,Sensor,Automotive Component,Europe,Final test / rolling one-month-ahead,2006.3579240273593,2006.3579240273593,4025472.119307375,44.83481394474546,Overforecast,103
2025-09-01,P005,R03,3485,Random Forest,5489.202919857921,Sensor,Automotive Component,Asia,Final test / rolling one-month-ahead,2004.2029198579212,2004.2029198579212,4016829.343967017,57.509409465076644,Overforecast,104
2025-11-01,P001,R04,11623,Random Forest,13615.762661378816,Battery System,EV Component,South America,Final test / rolling one-month-ahead,1992.7626613788161,1992.7626613788161,3971103.0245855823,17.14499407535762,Overforecast,105
2025-11-01,P002,R04,11941,Random Forest,13886.222610036491,Powertrain,Automotive Component,South America,Final test / rolling one-month-ahead,1945.2226100364915,1945.2226100364915,3783891.00259718,16.290282304970198,Overforecast,106
2025-07-01,P007,R02,6336,Random Forest,8265.21284571582,Transmission,Automotive Component,Europe,Final test / rolling one-month-ahead,1929.2128457158196,1929.2128457158196,3721862.204074931,30.448435064959273,Overforecast,107
2025-12-01,P001,R03,5702,Random Forest,7556.995164058795,Battery System,EV Component,Asia,Final test / rolling one-month-ahead,1854.9951640587951,1854.9951640587951,3441007.0586815164,32.532359944910475,Overforecast,108
2025-07-01,P001,R04,13417,Random Forest,15253.319605255849,Battery System,EV Component,South America,Final test / rolling one-month-ahead,1836.3196052558487,1836.3196052558487,3372069.692646996,13.686514163045754,Overforecast,109
2025-12-01,P003,R02,10879,Random Forest,12706.63508892496,Motor Component,EV Component,Europe,Final test / rolling one-month-ahead,1827.6350889249607,1827.6350889249607,3340250.018269749,16.79966071261109,Overforecast,110
2025-07-01,P005,R01,4284,Random Forest,6031.698777104359,Sensor,Automotive Component,North America,Final test / rolling one-month-ahead,1747.6987771043587,1747.6987771043587,3054451.015492071,40.79595651504105,Overforecast,111
2025-10-01,P007,R01,7628,Random Forest,5891.210150322197,Transmission,Automotive Component,North America,Final test / rolling one-month-ahead,-1736.7898496778034,1736.7898496778034,3016438.981943847,-22.7686136559754,Underforecast,112
2025-09-01,P004,R01,8446,Random Forest,6744.902605223208,Electronic Module,Automotive Component,North America,Final test / rolling one-month-ahead,-1701.0973947767916,1701.0973947767916,2893732.3465163875,-20.140864252625995,Underforecast,113
2025-09-01,P007,R02,9445,Random Forest,7766.703609617817,Transmission,Automotive Component,Europe,Final test / rolling one-month-ahead,-1678.2963903821828,1678.2963903821828,2816678.7739698645,-17.76915183040956,Underforecast,114
2025-10-01,P001,R01,5834,Random Forest,7498.23982374062,Battery System,EV Component,North America,Final test / rolling one-month-ahead,1664.2398237406196,1664.2398237406196,2769694.1909242086,28.526565370939654,Overforecast,115
2025-09-01,P006,R02,8651,Random Forest,10263.329673021424,Brake System,Automotive Component,Europe,Final test / rolling one-month-ahead,1612.3296730214242,1612.3296730214242,2599606.974505373,18.637494775418148,Overforecast,116
2025-09-01,P003,R01,9613,Random Forest,8018.6416728036675,Motor Component,EV Component,North America,Final test / rolling one-month-ahead,-1594.3583271963325,1594.3583271963325,2541978.475500288,-16.58543979191025,Underforecast,117
2025-08-01,P001,R04,15289,Random Forest,13766.15879298904,Battery System,EV Component,South America,Final test / rolling one-month-ahead,-1522.8412070109607,1522.8412070109607,2319045.3417705996,-9.96037155478423,Underforecast,118
2025-08-01,P006,R01,3649,Random Forest,5169.240068542569,Brake System,Automotive Component,North America,Final test / rolling one-month-ahead,1520.2400685425691,1520.2400685425691,2311129.866002315,41.66182703597065,Overforecast,119
2025-07-01,P004,R01,6644,Random Forest,5178.524014388389,Electronic Module,Automotive Component,North America,Final test / rolling one-month-ahead,-1465.4759856116107,1465.4759856116107,2147619.8644043216,-22.057134039909855,Underforecast,120
2025-12-01,P001,R02,15907,Random Forest,14461.72431439394,Battery System,EV Component,Europe,Final test / rolling one-month-ahead,-1445.2756856060605,1445.2756856060605,2088821.8074040683,-9.085784155441381,Underforecast,121
2025-08-01,P008,R01,3893,Random Forest,5316.005014083141,Control Unit,Automotive Component,North America,Final test / rolling one-month-ahead,1423.0050140831408,1423.0050140831408,2024943.2701057598,36.55291585109533,Overforecast,122
2025-07-01,P006,R02,10451,Random Forest,9029.567212972852,Brake System,Automotive Component,Europe,Final test / rolling one-month-ahead,-1421.4327870271482,1421.4327870271482,2020471.1680357659,-13.600926103025053,Underforecast,123
2025-11-01,P008,R01,5416,Random Forest,6833.933951687264,Control Unit,Automotive Component,North America,Final test / rolling one-month-ahead,1417.9339516872642,1417.9339516872642,2010536.691347461,26.180464395998232,Overforecast,124
2025-11-01,P005,R01,7060,Random Forest,8467.15916342509,Sensor,Automotive Component,North America,Final test / rolling one-month-ahead,1407.1591634250908,1407.1591634250908,1980096.9112112015,19.931432909703837,Overforecast,125
2025-10-01,P006,R03,7036,Random Forest,5647.803608058608,Brake System,Automotive Component,Asia,Final test / rolling one-month-ahead,-1388.196391941392,1388.196391941392,1927089.222599099,-19.729908924692893,Underforecast,126
2025-12-01,P006,R01,6951,Random Forest,8324.40905917693,Brake System,Automotive Component,North America,Final test / rolling one-month-ahead,1373.409059176931,1373.409059176931,1886252.4438292624,19.758438486216818,Overforecast,127
2025-07-01,P002,R02,7965,Random Forest,9279.732883257728,Powertrain,Automotive Component,Europe,Final test / rolling one-month-ahead,1314.7328832577277,1314.7328832577277,1728522.554319178,16.506376437636256,Overforecast,128
2025-11-01,P002,R01,7555,Random Forest,6268.855147044061,Powertrain,Automotive Component,North America,Final test / rolling one-month-ahead,-1286.1448529559393,1286.1448529559393,1654168.5827850548,-17.023757153619314,Underforecast,129
2025-10-01,P004,R01,6971,Random Forest,8251.922589549567,Electronic Module,Automotive Component,North America,Final test / rolling one-month-ahead,1280.9225895495674,1280.9225895495674,1640762.6804183696,18.375019216031667,Overforecast,130
2025-08-01,P003,R04,13825,Random Forest,15036.879974927862,Motor Component,EV Component,South America,Final test / rolling one-month-ahead,1211.8799749278623,1211.8799749278623,1468653.0736311562,8.76585876982179,Overforecast,131
2025-10-01,P002,R01,6196,Random Forest,7403.533946414766,Powertrain,Automotive Component,North America,Final test / rolling one-month-ahead,1207.5339464147664,1207.5339464147664,1458138.23174402,19.488927476029154,Overforecast,132
2025-11-01,P003,R04,17350,Random Forest,16142.508454559336,Motor Component,EV Component,South America,Final test / rolling one-month-ahead,-1207.4915454406637,1207.4915454406637,1458035.8323106824,-6.9596054492257275,Underforecast,133
2025-09-01,P007,R03,4513,Random Forest,5720.231749639251,Transmission,Automotive Component,Asia,Final test / rolling one-month-ahead,1207.2317496392507,1207.2317496392507,1457408.4973370463,26.75009416439731,Overforecast,134
2025-09-01,P008,R02,10313,Random Forest,9111.403817945944,Control Unit,Automotive Component,Europe,Final test / rolling one-month-ahead,-1201.596182054056,1201.596182054056,1443833.3847268843,-11.651276854979695,Underforecast,135
2025-07-01,P005,R04,14274,Random Forest,13085.294814545216,Sensor,Automotive Component,South America,Final test / rolling one-month-ahead,-1188.7051854547844,1188.7051854547844,1413020.0179270934,-8.327765065537232,Underforecast,136
2025-12-01,P004,R02,9544,Random Forest,8361.102006193963,Electronic Module,Automotive Component,Europe,Final test / rolling one-month-ahead,-1182.8979938060365,1182.8979938060365,1399247.663750346,-12.394153329903988,Underforecast,137
2025-11-01,P004,R03,6928,Random Forest,5819.643728754495,Electronic Module,Automotive Component,Asia,Final test / rolling one-month-ahead,-1108.356271245505,1108.356271245505,1228453.6240092395,-15.9982140768693,Underforecast,138
2025-08-01,P004,R01,5179,Random Forest,6222.109627580816,Electronic Module,Automotive Component,North America,Final test / rolling one-month-ahead,1043.1096275808159,1043.1096275808159,1088077.6951517884,20.14113974861587,Overforecast,139
2025-08-01,P002,R02,11505,Random Forest,10480.620673201798,Powertrain,Automotive Component,Europe,Final test / rolling one-month-ahead,-1024.3793267982019,1024.3793267982019,1049353.0051715372,-8.903775113413316,Underforecast,140
2025-12-01,P002,R03,8411,Random Forest,7393.088746706453,Powertrain,Automotive Component,Asia,Final test / rolling one-month-ahead,-1017.9112532935469,1017.9112532935469,1036143.3195816394,-12.102143066146082,Underforecast,141
2025-07-01,P002,R04,15238,Random Forest,14226.396361817242,Powertrain,Automotive Component,South America,Final test / rolling one-month-ahead,-1011.603638182758,1011.603638182758,1023341.9207845924,-6.638690367389145,Underforecast,142
2025-12-01,P005,R03,5506,Random Forest,6488.4516240565,Sensor,Automotive Component,Asia,Final test / rolling one-month-ahead,982.4516240564999,982.4516240564999,965211.1936112542,17.84329139223574,Overforecast,143
2025-08-01,P006,R02,10946,Random Forest,9964.257867285489,Brake System,Automotive Component,Europe,Final test / rolling one-month-ahead,-981.7421327145112,981.7421327145112,963817.6151468368,-8.968957908957712,Underforecast,144
2025-10-01,P005,R03,8232,Random Forest,7251.583256327002,Sensor,Automotive Component,Asia,Final test / rolling one-month-ahead,-980.4167436729977,980.4167436729977,961216.9912743644,-11.909824388641857,Underforecast,145
2025-12-01,P008,R03,6157,Random Forest,5203.575445818072,Control Unit,Automotive Component,Asia,Final test / rolling one-month-ahead,-953.4245541819282,953.4245541819282,909018.3805170086,-15.485212833878972,Underforecast,146
2025-08-01,P002,R03,5717,Random Forest,6669.004908271691,Powertrain,Automotive Component,Asia,Final test / rolling one-month-ahead,952.0049082716914,952.0049082716914,906313.3453733916,16.652176111101827,Overforecast,147
2025-10-01,P007,R03,5512,Random Forest,4566.15882705914,Transmission,Automotive Component,Asia,Final test / rolling one-month-ahead,-945.8411729408599,945.8411729408599,894615.5244301417,-17.1596729488545,Underforecast,148
2025-10-01,P008,R02,11161,Random Forest,10235.77814069264,Control Unit,Automotive Component,Europe,Final test / rolling one-month-ahead,-925.2218593073594,925.2218593073594,856035.4889401671,-8.289775641137528,Underforecast,149
2025-10-01,P003,R03,6281,Random Forest,7197.543133813888,Motor Component,EV Component,Asia,Final test / rolling one-month-ahead,916.5431338138878,916.5431338138878,840051.3161413823,14.59231227215233,Overforecast,150
2025-11-01,P007,R02,7355,Random Forest,6446.382904167874,Transmission,Automotive Component,Europe,Final test / rolling one-month-ahead,-908.6170958321263,908.6170958321263,825585.0268384074,-12.353733457948692,Underforecast,151
2025-07-01,P006,R03,4357,Random Forest,5231.651911990789,Brake System,Automotive Component,Asia,Final test / rolling one-month-ahead,874.6519119907889,874.6519119907889,765015.9671491428,20.07463649278836,Overforecast,152
2025-12-01,P003,R01,9317,Random Forest,10179.07536517649,Motor Component,EV Component,North America,Final test / rolling one-month-ahead,862.0753651764899,862.0753651764899,743173.9352441784,9.252714019281848,Overforecast,153
2025-10-01,P006,R04,12074,Random Forest,12901.952176918949,Brake System,Automotive Component,South America,Final test / rolling one-month-ahead,827.9521769189487,827.9521769189487,685504.8072648261,6.857314700339147,Overforecast,154
2025-12-01,P007,R01,9629,Random Forest,8813.292262129895,Transmission,Automotive Component,North America,Final test / rolling one-month-ahead,-815.7077378701051,815.7077378701051,665379.1136211641,-8.471365020979388,Underforecast,155
2025-08-01,P003,R03,7063,Random Forest,6262.142556273333,Motor Component,EV Component,Asia,Final test / rolling one-month-ahead,-800.857443726667,800.857443726667,641372.6451724117,-11.338771679550714,Underforecast,156
2025-12-01,P002,R01,7702,Random Forest,6902.619443295013,Powertrain,Automotive Component,North America,Final test / rolling one-month-ahead,-799.3805567049867,799.3805567049867,639009.2744379744,-10.37886986113979,Underforecast,157
2025-09-01,P006,R01,3630,Random Forest,4317.843628080253,Brake System,Automotive Component,North America,Final test / rolling one-month-ahead,687.8436280802534,687.8436280802534,473128.85669060604,18.94886027769293,Overforecast,158
2025-07-01,P004,R02,7104,Random Forest,6447.111279181595,Electronic Module,Automotive Component,Europe,Final test / rolling one-month-ahead,-656.8887208184051,656.8887208184051,431502.79153844056,-9.246744380889712,Underforecast,159
2025-09-01,P002,R04,13134,Random Forest,13782.128591791974,Powertrain,Automotive Component,South America,Final test / rolling one-month-ahead,648.128591791974,648.128591791974,420070.6714982473,4.934738783249384,Overforecast,160
2025-07-01,P007,R01,3730,Random Forest,4375.374610556108,Transmission,Automotive Component,North America,Final test / rolling one-month-ahead,645.3746105561077,645.3746105561077,416508.3879504476,17.302268379520314,Overforecast,161
2025-09-01,P001,R02,12766,Random Forest,12141.059153138523,Battery System,EV Component,Europe,Final test / rolling one-month-ahead,-624.9408468614765,624.9408468614765,390551.06207593944,-4.8953536492360685,Underforecast,162
2025-11-01,P007,R01,9025,Random Forest,8407.824071978837,Transmission,Automotive Component,North America,Final test / rolling one-month-ahead,-617.1759280211627,617.1759280211627,380906.1261287834,-6.8385144379076195,Underforecast,163
2025-08-01,P002,R01,5652,Random Forest,6263.127530123516,Powertrain,Automotive Component,North America,Final test / rolling one-month-ahead,611.1275301235164,611.1275301235164,373476.85807486944,10.812588997231359,Overforecast,164
2025-10-01,P001,R03,8080,Random Forest,7471.643782265252,Battery System,EV Component,Asia,Final test / rolling one-month-ahead,-608.3562177347476,608.3562177347476,370097.2876565276,-7.52916111057856,Underforecast,165
2025-12-01,P006,R03,5429,Random Forest,6021.4286735903,Brake System,Automotive Component,Asia,Final test / rolling one-month-ahead,592.4286735902997,592.4286735902997,350971.73329196183,10.91229827943083,Overforecast,166
2025-11-01,P008,R04,16208,Random Forest,15661.574112705392,Control Unit,Automotive Component,South America,Final test / rolling one-month-ahead,-546.4258872946084,546.4258872946084,298581.25030570006,-3.371334447770289,Underforecast,167
2025-11-01,P003,R01,10407,Random Forest,9885.258081950458,Motor Component,EV Component,North America,Final test / rolling one-month-ahead,-521.7419180495417,521.7419180495417,272214.6290500147,-5.0133748251133055,Underforecast,168
2025-07-01,P008,R04,12345,Random Forest,12863.633385363988,Control Unit,Automotive Component,South America,Final test / rolling one-month-ahead,518.633385363988,518.633385363988,268980.58841411094,4.201161485329997,Overforecast,169
2025-11-01,P006,R02,8574,Random Forest,9063.35875628732,Brake System,Automotive Component,Europe,Final test / rolling one-month-ahead,489.3587562873199,489.3587562873199,239471.99235507258,5.7074732480443195,Overforecast,170
2025-11-01,P001,R01,10025,Random Forest,10477.13700576906,Battery System,EV Component,North America,Final test / rolling one-month-ahead,452.1370057690601,452.1370057690601,204427.8719858111,4.5100948206390035,Overforecast,171
2025-09-01,P003,R03,7599,Random Forest,7172.662040859057,Motor Component,EV Component,Asia,Final test / rolling one-month-ahead,-426.337959140943,426.337959140943,181764.05540446436,-5.610448205565771,Underforecast,172
2025-11-01,P005,R03,4876,Random Forest,5276.528489357864,Sensor,Automotive Component,Asia,Final test / rolling one-month-ahead,400.5284893578637,400.5284893578637,160423.07078729232,8.214284031129282,Overforecast,173
2025-11-01,P005,R04,12639,Random Forest,12963.946264452858,Sensor,Automotive Component,South America,Final test / rolling one-month-ahead,324.9462644528576,324.9462644528576,105590.07478186645,2.5709808090264863,Overforecast,174
2025-10-01,P006,R01,5491,Random Forest,5167.018030136533,Brake System,Automotive Component,North America,Final test / rolling one-month-ahead,-323.9819698634674,323.9819698634674,104964.3167966127,-5.900236202212118,Underforecast,175
2025-10-01,P008,R03,6211,Random Forest,6527.812308522947,Control Unit,Automotive Component,Asia,Final test / rolling one-month-ahead,316.8123085229472,316.8123085229472,100370.03883163909,5.100826091176094,Overforecast,176
2025-08-01,P008,R03,6378,Random Forest,6691.642596447754,Control Unit,Automotive Component,Asia,Final test / rolling one-month-ahead,313.64259644775393,313.64259644775393,98371.67830648863,4.917569715392818,Overforecast,177
2025-10-01,P004,R03,6061,Random Forest,6360.279894718594,Electronic Module,Automotive Component,Asia,Final test / rolling one-month-ahead,299.2798947185938,299.2798947185938,89568.4553827726,4.937797306031906,Overforecast,178
2025-12-01,P003,R03,7006,Random Forest,7292.205698573346,Motor Component,EV Component,Asia,Final test / rolling one-month-ahead,286.2056985733461,286.2056985733461,81913.70189585706,4.0851512785233535,Overforecast,179
2025-10-01,P004,R02,9976,Random Forest,9694.987785632253,Electronic Module,Automotive Component,Europe,Final test / rolling one-month-ahead,-281.0122143677472,281.0122143677472,78967.86462386472,-2.8168826620664316,Underforecast,180
2025-10-01,P005,R01,7559,Random Forest,7283.233771401552,Sensor,Automotive Component,North America,Final test / rolling one-month-ahead,-275.7662285984479,275.7662285984479,76047.01283541144,-3.6481840005086377,Underforecast,181
2025-09-01,P006,R04,13738,Random Forest,14002.995210317453,Brake System,Automotive Component,South America,Final test / rolling one-month-ahead,264.9952103174528,264.9952103174528,70222.46149119105,1.9289213154567826,Overforecast,182
2025-07-01,P005,R03,4545,Random Forest,4770.146189158067,Sensor,Automotive Component,Asia,Final test / rolling one-month-ahead,225.1461891580666,225.1461891580666,50690.806492399905,4.953711532630728,Overforecast,183
2025-12-01,P008,R04,12527,Random Forest,12743.44196421144,Control Unit,Automotive Component,South America,Final test / rolling one-month-ahead,216.4419642114408,216.4419642114408,46847.123871706615,1.7278036577906983,Overforecast,184
2025-07-01,P002,R03,6384,Random Forest,6577.736610759336,Powertrain,Automotive Component,Asia,Final test / rolling one-month-ahead,193.73661075933614,193.73661075933614,37533.874348514524,3.034721346480829,Overforecast,185
2025-11-01,P003,R03,6199,Random Forest,6349.516867173373,Motor Component,EV Component,Asia,Final test / rolling one-month-ahead,150.5168671733727,150.5168671733727,22655.32730368672,2.4280830323176756,Overforecast,186
2025-10-01,P007,R02,7126,Random Forest,7037.45501370639,Transmission,Automotive Component,Europe,Final test / rolling one-month-ahead,-88.54498629361024,88.54498629361024,7840.214597735625,-1.2425622550324198,Underforecast,187
2025-09-01,P001,R04,13922,Random Forest,13859.046513124304,Battery System,EV Component,South America,Final test / rolling one-month-ahead,-62.9534868756964,62.9534868756964,3963.1415098084785,-0.4521870914789283,Underforecast,188
2025-10-01,P002,R03,7424,Random Forest,7442.1876628173395,Powertrain,Automotive Component,Asia,Final test / rolling one-month-ahead,18.187662817339515,18.187662817339515,330.79107875723435,0.24498468234562923,Overforecast,189
2025-12-01,P002,R04,13483,Random Forest,13496.78889360003,Powertrain,Automotive Component,South America,Final test / rolling one-month-ahead,13.78889360003086,13.78889360003086,190.13358671297203,0.10226873544486287,Overforecast,190
2025-11-01,P006,R03,5122,Random Forest,5134.335117909866,Brake System,Automotive Component,Asia,Final test / rolling one-month-ahead,12.335117909866312,12.335117909866312,152.15513385030465,0.24082619894311427,Overforecast,191
2025-09-01,P004,R02,9286,Random Forest,9279.2230513653,Electronic Module,Automotive Component,Europe,Final test / rolling one-month-ahead,-6.776948634700602,6.776948634700602,45.92703279737036,-0.0729802782112923,Underforecast,192
