Product_ID,Product_Category,Product_Line,Region_ID,Region,Model,evaluation_start,evaluation_end,observation_count,evaluated_months,actual_demand,forecast_demand,absolute_error_sum,squared_error_sum,error_sum,mae,rmse,wape_pct,mean_bias,forecast_bias_pct,overforecast_count,underforecast_count
P001,Battery System,EV Component,R01,North America,Random Forest,2025-07-01,2025-12-01,6,6,54824.0,46974.67141160987,16305.616515442618,63078676.619702235,-7849.3285883901335,2717.6027525737695,3242.393062222773,29.74174907967791,-1308.2214313983557,-14.31732195460042,3,3
P001,Battery System,EV Component,R01,North America,Seasonal Naive,2025-07-01,2025-12-01,6,6,54824.0,65518.0,21792.0,117416720.0,10694.0,3632.0,4423.737484676654,39.749015029913906,1782.3333333333333,19.506055742010798,4,2
P001,Battery System,EV Component,R01,North America,Naive Forecast,2025-07-01,2025-12-01,6,6,54824.0,48761.0,26103.0,151876217.0,-6063.0,4350.5,5031.173107072876,47.6123595505618,-1010.5,-11.059025244418503,3,3
P001,Battery System,EV Component,R02,Europe,Seasonal Naive,2025-07-01,2025-12-01,6,6,73775.0,74550.0,11287.0,24923691.0,775.0,1881.1666666666667,2038.1237695488467,15.299220603185361,129.16666666666666,1.0504913588614029,3,3
P001,Battery System,EV Component,R02,Europe,Random Forest,2025-07-01,2025-12-01,6,6,73775.0,77069.55758829165,17635.468449544205,65624780.91127605,3294.557588291651,2939.244741590701,3307.1836183091914,23.904396407379473,549.0929313819419,4.465682939060184,3,3
P001,Battery System,EV Component,R02,Europe,Naive Forecast,2025-07-01,2025-12-01,6,6,73775.0,71185.0,24608.0,134040262.0,-2590.0,4101.333333333333,4726.525538560716,33.35547272111149,-431.6666666666667,-3.5106743476787527,3,3
P001,Battery System,EV Component,R03,Asia,Random Forest,2025-07-01,2025-12-01,6,6,47145.0,46004.38765167176,26456.130234614386,167461278.0582979,-1140.6123483282418,4409.355039102397,5283.0117366627455,56.11651338342218,-190.10205805470696,-2.419370767479567,3,3
P001,Battery System,EV Component,R03,Asia,Seasonal Naive,2025-07-01,2025-12-01,6,6,47145.0,41131.0,27576.0,210928980.0,-6014.0,4596.0,5929.150866692465,58.49188673242126,-1002.3333333333334,-12.756389861066921,2,4
P001,Battery System,EV Component,R03,Asia,Naive Forecast,2025-07-01,2025-12-01,6,6,47145.0,48140.0,29751.0,255483821.0,995.0,4958.5,6525.384037229789,63.10531339484569,165.83333333333334,2.1105101283275003,4,2
P001,Battery System,EV Component,R04,South America,Seasonal Naive,2025-07-01,2025-12-01,6,6,101454.0,93130.0,23728.0,142603078.0,-8324.0,3954.6666666666665,4875.15945038382,23.387939361681156,-1387.3333333333333,-8.204703609517614,2,4
P001,Battery System,EV Component,R04,South America,Random Forest,2025-07-01,2025-12-01,6,6,101454.0,82614.94821472673,26497.216318542603,234983582.63269362,-18839.051785273274,4416.202719757101,6258.109174405818,26.117468329038385,-3139.841964212212,-18.569057686511396,2,4
P001,Battery System,EV Component,R04,South America,Naive Forecast,2025-07-01,2025-12-01,6,6,101454.0,88082.0,37980.0,373731802.0,-13372.0,6330.0,7892.314848424806,37.43568513809214,-2228.6666666666665,-13.180357600488891,2,4
P002,Powertrain,Automotive Component,R01,North America,Random Forest,2025-07-01,2025-12-01,6,6,39701.0,40915.97899853285,11686.279345554918,35503203.7070711,1214.9789985328562,1947.713224259153,2432.529674607318,29.435730448993525,202.49649975547604,3.060323413850674,3,3
P002,Powertrain,Automotive Component,R01,North America,Naive Forecast,2025-07-01,2025-12-01,6,6,39701.0,39961.0,16292.0,59359182.0,260.0,2715.3333333333335,3145.3452910610627,41.03674970403768,43.333333333333336,0.6548953426865822,2,4
P002,Powertrain,Automotive Component,R01,North America,Seasonal Naive,2025-07-01,2025-12-01,6,6,39701.0,58998.0,24857.0,175507501.0,19297.0,4142.833333333333,5408.442489910258,62.61051358907836,3216.1666666666665,48.60582856854991,4,2
P002,Powertrain,Automotive Component,R02,Europe,Random Forest,2025-07-01,2025-12-01,6,6,45737.0,57288.56151097404,20799.997977735227,98919815.96145871,11551.561510974037,3466.666329622538,4060.37387362007,45.47739899367083,1925.2602518290062,25.256491486048578,4,2
P002,Powertrain,Automotive Component,R02,Europe,Naive Forecast,2025-07-01,2025-12-01,6,6,45737.0,41738.0,22063.0,87688453.0,-3999.0,3677.1666666666665,3822.923248859002,48.23884382447471,-666.5,-8.743468089293133,2,4
P002,Powertrain,Automotive Component,R02,Europe,Seasonal Naive,2025-07-01,2025-12-01,6,6,45737.0,63529.0,27494.0,158233386.0,17792.0,4582.333333333333,5135.39005334551,60.1132562258128,2965.3333333333335,38.9006712289831,5,1
P002,Powertrain,Automotive Component,R03,Asia,Random Forest,2025-07-01,2025-12-01,6,6,41481.0,42561.29972809471,10482.735018584557,36869188.01357177,1080.2997280947084,1747.1225030974263,2478.8837546219524,25.271172388767283,180.04995468245139,2.604324216134395,4,2
P002,Powertrain,Automotive Component,R03,Asia,Seasonal Naive,2025-07-01,2025-12-01,6,6,41481.0,47447.0,16150.0,61419440.0,5966.0,2691.6666666666665,3199.4645385334925,38.933487620838456,994.3333333333334,14.38248836816856,4,2
P002,Powertrain,Automotive Component,R03,Asia,Naive Forecast,2025-07-01,2025-12-01,6,6,41481.0,41064.0,16169.0,54117163.0,-417.0,2694.8333333333335,3003.2527643651083,38.9792917239218,-69.5,-1.0052795255659217,4,2
P002,Powertrain,Automotive Component,R04,South America,Random Forest,2025-07-01,2025-12-01,6,6,79679.0,85440.8853667835,12348.99257105716,52015347.728332825,5761.885366783512,2058.165428509527,2944.3547037320086,15.498428156800612,960.314227797252,7.231372591000781,4,2
P002,Powertrain,Automotive Component,R04,South America,Seasonal Naive,2025-07-01,2025-12-01,6,6,79679.0,78000.0,22803.0,133617275.0,-1679.0,3800.5,4719.061965405131,28.618582060517827,-279.8333333333333,-2.107205160707338,3,3
P002,Powertrain,Automotive Component,R04,South America,Naive Forecast,2025-07-01,2025-12-01,6,6,79679.0,79988.0,30339.0,195119453.0,309.0,5056.5,5702.622978361215,38.07653208499103,51.5,0.3878060718633517,2,4
P003,Motor Component,EV Component,R01,North America,Seasonal Naive,2025-07-01,2025-12-01,6,6,61226.0,52847.0,15665.0,58217299.0,-8379.0,2610.8333333333335,3114.945130602892,25.585535556789598,-1396.5,-13.685362427726783,2,4
P003,Motor Component,EV Component,R01,North America,Random Forest,2025-07-01,2025-12-01,6,6,61226.0,57296.82002193871,16615.723958556897,68701073.78607467,-3929.1799780612955,2769.2873264261493,3383.8113074380753,27.138346386432065,-654.8633296768826,-6.417502332442583,2,4
P003,Motor Component,EV Component,R01,North America,Naive Forecast,2025-07-01,2025-12-01,6,6,61226.0,60677.0,25501.0,134409897.0,-549.0,4250.166666666667,4733.038083514647,41.65060595171986,-91.5,-0.8966778819455786,3,3
P003,Motor Component,EV Component,R02,Europe,Seasonal Naive,2025-07-01,2025-12-01,6,6,79884.0,70700.0,22846.0,110800030.0,-9184.0,3807.6666666666665,4297.286546958053,28.598968504331282,-1530.6666666666667,-11.496670171749036,2,4
P003,Motor Component,EV Component,R02,Europe,Random Forest,2025-07-01,2025-12-01,6,6,79884.0,77934.61691260511,24715.606899075603,118359602.99298614,-1949.3830873948864,4119.267816512601,4441.463778849381,30.939370711375997,-324.89718123248105,-2.4402672467513975,3,3
P003,Motor Component,EV Component,R02,Europe,Naive Forecast,2025-07-01,2025-12-01,6,6,79884.0,81353.0,35971.0,292353185.0,1469.0,5995.166666666667,6980.367528528375,45.02904211106104,244.83333333333334,1.8389164288217916,2,4
P003,Motor Component,EV Component,R03,Asia,Random Forest,2025-07-01,2025-12-01,6,6,37294.0,42473.30478405401,7633.695589789233,27302935.830172554,5179.304784054013,1272.2825982982056,2133.187592554569,20.468964417303678,863.2174640090021,13.887769571657675,4,2
P003,Motor Component,EV Component,R03,Asia,Naive Forecast,2025-07-01,2025-12-01,6,6,37294.0,37583.0,10809.0,35239483.0,289.0,1801.5,2423.478319826003,28.983214458089773,48.166666666666664,0.7749235802005685,3,3
P003,Motor Component,EV Component,R03,Asia,Seasonal Naive,2025-07-01,2025-12-01,6,6,37294.0,60140.0,27578.0,173845378.0,22846.0,4596.333333333333,5382.771559955584,73.94755188502172,3807.6666666666665,61.25918378291414,5,1
P003,Motor Component,EV Component,R04,South America,Random Forest,2025-07-01,2025-12-01,6,6,118732.0,92346.20998083864,37880.732267746134,425342871.8679988,-26385.790019161355,6313.455377957689,8419.648368231685,31.90440005032016,-4397.631669860226,-22.222981183810056,2,4
P003,Motor Component,EV Component,R04,South America,Naive Forecast,2025-07-01,2025-12-01,6,6,118732.0,129188.0,53668.0,592409648.0,10456.0,8944.666666666666,9936.545744539866,45.20095677660614,1742.6666666666667,8.806387494525486,3,3
P003,Motor Component,EV Component,R04,South America,Seasonal Naive,2025-07-01,2025-12-01,6,6,118732.0,112425.0,53805.0,617272937.0,-6307.0,8967.5,10142.919837666732,45.31634268773372,-1051.1666666666667,-5.311963076508439,2,4
P004,Electronic Module,Automotive Component,R01,North America,Seasonal Naive,2025-07-01,2025-12-01,6,6,29026.0,40492.0,11544.0,36957930.0,11466.0,1924.0,2481.865225994353,39.7712395783091,1911.0,39.50251498656377,5,1
P004,Electronic Module,Automotive Component,R01,North America,Random Forest,2025-07-01,2025-12-01,6,6,29026.0,38993.53616960604,16300.682930382856,73891144.89557646,9967.53616960605,2716.7804883971426,3509.300616352126,56.15890212355425,1661.256028267675,34.34002676774633,4,2
P004,Electronic Module,Automotive Component,R01,North America,Naive Forecast,2025-07-01,2025-12-01,6,6,29026.0,32216.0,16376.0,67388304.0,3190.0,2729.3333333333335,3351.325707835632,56.41838351822504,531.6666666666666,10.990146764969337,3,3
P004,Electronic Module,Automotive Component,R02,Europe,Random Forest,2025-07-01,2025-12-01,6,6,55997.0,51717.22394057591,17763.940351354377,126473694.03583294,-4279.77605942409,2960.6567252257296,4591.181656825633,31.723021503570507,-713.296009904015,-7.642866688258461,1,5
P004,Electronic Module,Automotive Component,R02,Europe,Seasonal Naive,2025-07-01,2025-12-01,6,6,55997.0,48412.0,20027.0,103581771.0,-7585.0,3337.8333333333335,4154.952286127965,35.76441595085451,-1264.1666666666667,-13.54536850188403,3,3
P004,Electronic Module,Automotive Component,R02,Europe,Naive Forecast,2025-07-01,2025-12-01,6,6,55997.0,52783.0,29144.0,199640074.0,-3214.0,4857.333333333333,5768.305268158636,52.04564530242691,-535.6666666666666,-5.739593192492455,2,4
P004,Electronic Module,Automotive Component,R03,Asia,Seasonal Naive,2025-07-01,2025-12-01,6,6,23541.0,31907.0,8838.0,24874392.0,8366.0,1473.0,2036.107069876238,37.543010067541736,1394.3333333333333,35.53799753621342,4,2
P004,Electronic Module,Automotive Component,R03,Asia,Random Forest,2025-07-01,2025-12-01,6,6,23541.0,40025.65660193368,18701.369144424694,93792571.97045802,16484.656601933682,3116.8948574041156,3953.7444692860045,79.44169382959387,2747.442766988947,70.02530309644315,5,1
P004,Electronic Module,Automotive Component,R03,Asia,Naive Forecast,2025-07-01,2025-12-01,6,6,23541.0,31064.0,24513.0,130948057.0,7523.0,4085.5,4671.688791718329,104.12896648400663,1253.8333333333333,31.95701117199779,3,3
P004,Electronic Module,Automotive Component,R04,South America,Seasonal Naive,2025-07-01,2025-12-01,6,6,65654.0,81853.0,38981.0,309483187.0,16199.0,6496.833333333333,7181.958727719525,59.37338166752978,2699.8333333333335,24.67328723307034,3,3
P004,Electronic Module,Automotive Component,R04,South America,Random Forest,2025-07-01,2025-12-01,6,6,65654.0,65870.27118568099,41734.52385689031,340367470.9355056,216.27118568098558,6955.753976148385,7531.793400152734,63.56737419942473,36.0451976134976,0.32941052438691565,3,3
P004,Electronic Module,Automotive Component,R04,South America,Naive Forecast,2025-07-01,2025-12-01,6,6,65654.0,54711.0,51885.0,542508635.0,-10943.0,8647.5,9508.843559199684,79.0279343223566,-1823.8333333333333,-16.66768209096171,3,3
P005,Sensor,Automotive Component,R01,North America,Naive Forecast,2025-07-01,2025-12-01,6,6,46329.0,46001.0,16388.0,85128678.0,-328.0,2731.3333333333335,3766.711164928896,35.37309244749509,-54.666666666666664,-0.7079798830106413,4,2
P005,Sensor,Automotive Component,R01,North America,Random Forest,2025-07-01,2025-12-01,6,6,46329.0,42131.606940201185,17929.906573035107,79980853.58174406,-4197.393059798813,2988.3177621725176,3651.0467353382387,38.70125962795464,-699.5655099664688,-9.059969047030613,3,3
P005,Sensor,Automotive Component,R01,North America,Seasonal Naive,2025-07-01,2025-12-01,6,6,46329.0,45081.0,23658.0,105968926.0,-1248.0,3943.0,4202.557277023916,51.06520753739559,-208.0,-2.693777115845367,3,3
P005,Sensor,Automotive Component,R02,Europe,Seasonal Naive,2025-07-01,2025-12-01,6,6,61738.0,56075.0,20887.0,115369505.0,-5663.0,3481.1666666666665,4385.002945647053,33.83167579124688,-943.8333333333334,-9.172632738345913,1,5
P005,Sensor,Automotive Component,R02,Europe,Random Forest,2025-07-01,2025-12-01,6,6,61738.0,46247.73398778826,27750.42948353209,166276710.1077685,-15490.26601221174,4625.071580588682,5264.293401584055,44.94870174533041,-2581.7110020352898,-25.090326884919726,2,4
P005,Sensor,Automotive Component,R02,Europe,Naive Forecast,2025-07-01,2025-12-01,6,6,61738.0,57447.0,35065.0,282447703.0,-4291.0,5844.166666666667,6861.0944583693545,56.7964624704396,-715.1666666666666,-6.950338527325148,2,4
P005,Sensor,Automotive Component,R03,Asia,Random Forest,2025-07-01,2025-12-01,6,6,29153.0,34886.89016378066,7694.723651126657,15776636.96451489,5733.890163780662,1282.453941854443,1621.5546534378097,26.39427726520995,955.6483606301103,19.66826797852935,5,1
P005,Sensor,Automotive Component,R03,Asia,Naive Forecast,2025-07-01,2025-12-01,6,6,29153.0,27542.0,12395.0,39714017.0,-1611.0,2065.8333333333335,2572.742278840485,42.517065139093745,-268.5,-5.526017905532878,2,4
P005,Sensor,Automotive Component,R03,Asia,Seasonal Naive,2025-07-01,2025-12-01,6,6,29153.0,38100.0,19005.0,101157915.0,8947.0,3167.5,4106.050718147549,65.19054642746887,1491.1666666666667,30.689808939045726,3,3
P005,Sensor,Automotive Component,R04,South America,Seasonal Naive,2025-07-01,2025-12-01,6,6,71882.0,84800.0,24188.0,136623720.0,12918.0,4031.3333333333335,4771.857080843893,33.649592387523995,2153.0,17.971119334464817,4,2
P005,Sensor,Automotive Component,R04,South America,Random Forest,2025-07-01,2025-12-01,6,6,71882.0,82290.59469125592,33042.01449176365,297782461.1950398,10408.594691255907,5507.002415293941,7044.885392905501,45.967021635129306,1734.7657818759844,14.480112811630041,4,2
P005,Sensor,Automotive Component,R04,South America,Naive Forecast,2025-07-01,2025-12-01,6,6,71882.0,82079.0,46463.0,528256795.0,10197.0,7743.833333333333,9383.1124455943,64.63787874572216,1699.5,14.185748866197379,3,3
P006,Brake System,Automotive Component,R01,North America,Random Forest,2025-07-01,2025-12-01,6,6,37158.0,33486.95104058442,10834.03447101509,32184324.470900796,-3671.0489594155815,1805.6724118358482,2316.042762662958,29.156667396025323,-611.8414932359302,-9.87956552940304,3,3
P006,Brake System,Automotive Component,R01,North America,Seasonal Naive,2025-07-01,2025-12-01,6,6,37158.0,36406.0,14144.0,45643308.0,-752.0,2357.3333333333335,2758.1185616285607,38.0644814037354,-125.33333333333333,-2.0237903008773346,4,2
P006,Brake System,Automotive Component,R01,North America,Naive Forecast,2025-07-01,2025-12-01,6,6,37158.0,31144.0,19726.0,87979764.0,-6014.0,3287.6666666666665,3829.268076277763,53.086818450939234,-1002.3333333333334,-16.184939986005705,3,3
P006,Brake System,Automotive Component,R02,Europe,Random Forest,2025-07-01,2025-12-01,6,6,57436.0,56506.96895377729,9492.925055294047,18460653.62744088,-929.0310462227171,1582.1541758823412,1754.0740020231417,16.527831073358254,-154.83850770378618,-1.6175065224296907,3,3
P006,Brake System,Automotive Component,R02,Europe,Naive Forecast,2025-07-01,2025-12-01,6,6,57436.0,61729.0,13955.0,47637909.0,4293.0,2325.8333333333335,2817.7387210314587,24.296608398913573,715.5,7.4744062957030435,3,3
P006,Brake System,Automotive Component,R02,Europe,Seasonal Naive,2025-07-01,2025-12-01,6,6,57436.0,38717.0,30841.0,194078987.0,-18719.0,5140.166666666667,5687.398160260395,53.69628804234278,-3119.8333333333335,-32.59105787311094,2,4
P006,Brake System,Automotive Component,R03,Asia,Random Forest,2025-07-01,2025-12-01,6,6,33482.0,33377.674678679745,10319.914675993365,30830754.806014348,-104.32532132025608,1719.9857793322274,2266.816960924663,30.82227667401399,-17.387553553376012,-0.3115862891113317,4,2
P006,Brake System,Automotive Component,R03,Asia,Seasonal Naive,2025-07-01,2025-12-01,6,6,33482.0,39984.0,12486.0,52767154.0,6502.0,2081.0,2965.556552599641,37.29167911116421,1083.6666666666667,19.41938952272863,2,4
P006,Brake System,Automotive Component,R03,Asia,Naive Forecast,2025-07-01,2025-12-01,6,6,33482.0,30761.0,19185.0,86877487.0,-2721.0,3197.5,3805.2044842119412,57.29944447762977,-453.5,-8.126754674153277,2,4
P006,Brake System,Automotive Component,R04,South America,Random Forest,2025-07-01,2025-12-01,6,6,57836.0,76324.34643460505,24414.27012211198,173013586.2847962,18488.346434605046,4069.0450203519963,5369.878742963634,42.21292987432046,3081.3910724341745,31.966848389593068,5,1
P006,Brake System,Automotive Component,R04,South America,Naive Forecast,2025-07-01,2025-12-01,6,6,57836.0,59857.0,29629.0,239622597.0,2021.0,4938.166666666667,6319.580642732554,51.22933812850128,336.8333333333333,3.494363372294073,3,3
P006,Brake System,Automotive Component,R04,South America,Seasonal Naive,2025-07-01,2025-12-01,6,6,57836.0,85797.0,38403.0,363031549.0,27961.0,6400.5,7778.512593463269,66.39982018120202,4660.166666666667,48.3453212531987,4,2
P007,Transmission,Automotive Component,R01,North America,Random Forest,2025-07-01,2025-12-01,6,6,49456.0,39939.875097107055,10806.874124005159,29675185.678012438,-9516.124902892943,1801.145687334193,2223.9299178860697,21.851492486260835,-1586.0208171488239,-19.241598396338045,1,5
P007,Transmission,Automotive Component,R01,North America,Seasonal Naive,2025-07-01,2025-12-01,6,6,49456.0,43952.0,13208.0,35620728.0,-5504.0,2201.3333333333335,2436.552482504738,26.706567453898415,-917.3333333333334,-11.12908443869298,2,4
P007,Transmission,Automotive Component,R01,North America,Naive Forecast,2025-07-01,2025-12-01,6,6,49456.0,45475.0,16283.0,57060331.0,-3981.0,2713.8333333333335,3083.837733517551,32.92421546425105,-663.5,-8.049579424134585,2,4
P007,Transmission,Automotive Component,R02,Europe,Random Forest,2025-07-01,2025-12-01,6,6,51246.0,45263.79048931033,20811.34504991429,152407761.83895504,-5982.209510689673,3468.5575083190483,5039.96960703394,40.61067214985421,-997.0349184482789,-11.67351502690878,2,4
P007,Transmission,Automotive Component,R02,Europe,Naive Forecast,2025-07-01,2025-12-01,6,6,51246.0,41358.0,22154.0,147391948.0,-9888.0,3692.3333333333335,4956.341863377331,43.23069117589665,-1648.0,-19.295164500643953,3,3
P007,Transmission,Automotive Component,R02,Europe,Seasonal Naive,2025-07-01,2025-12-01,6,6,51246.0,55609.0,25709.0,162263843.0,4363.0,4284.833333333333,5200.382085321552,50.167817976037156,727.1666666666666,8.513835226163993,3,3
P007,Transmission,Automotive Component,R03,Asia,Random Forest,2025-07-01,2025-12-01,6,6,33363.0,33509.35541101136,20276.771417787746,91501308.10980347,146.35541101136005,3379.461902964624,3905.152752236534,60.77622341452431,24.39256850189334,0.43867581156179014,3,3
P007,Transmission,Automotive Component,R03,Asia,Seasonal Naive,2025-07-01,2025-12-01,6,6,33363.0,32707.0,24786.0,131288796.0,-656.0,4131.0,4677.762926870066,74.29188022659832,-109.33333333333333,-1.9662500374666547,3,3
P007,Transmission,Automotive Component,R03,Asia,Naive Forecast,2025-07-01,2025-12-01,6,6,33363.0,32051.0,34264.0,253240244.0,-1312.0,5710.666666666667,6496.6689413370395,102.70059646914247,-218.66666666666666,-3.9325000749333094,2,4
P007,Transmission,Automotive Component,R04,South America,Seasonal Naive,2025-07-01,2025-12-01,6,6,72392.0,76604.0,18536.0,64936672.0,4212.0,3089.3333333333335,3289.7991833342453,25.60503923085424,702.0,5.8183224665708915,3,3
P007,Transmission,Automotive Component,R04,South America,Naive Forecast,2025-07-01,2025-12-01,6,6,72392.0,66214.0,22666.0,165478176.0,-6178.0,3777.6666666666665,5251.6374589265015,31.31008951265333,-1029.6666666666667,-8.534092164880096,2,4
P007,Transmission,Automotive Component,R04,South America,Random Forest,2025-07-01,2025-12-01,6,6,72392.0,83249.6559199801,26639.412443428875,125400275.82576787,10857.6559199801,4439.902073904813,4571.65680809062,36.79883473785622,1809.6093199966833,14.998419604348683,4,2
P008,Control Unit,Automotive Component,R01,North America,Naive Forecast,2025-07-01,2025-12-01,6,6,38727.0,32615.0,13600.0,47538782.0,-6112.0,2266.6666666666665,2814.805558707978,35.117618199189195,-1018.6666666666666,-15.782270767165027,2,4
P008,Control Unit,Automotive Component,R01,North America,Random Forest,2025-07-01,2025-12-01,6,6,38727.0,35287.2465369701,15930.011168699348,48040316.49148482,-3439.753463029895,2655.0018614498913,2829.614711448799,41.13412133317672,-573.2922438383158,-8.882055059854611,3,3
P008,Control Unit,Automotive Component,R01,North America,Seasonal Naive,2025-07-01,2025-12-01,6,6,38727.0,46707.0,19550.0,97651726.0,7980.0,3258.3333333333335,4034.2642038749354,50.481576161334466,1330.0,20.605778913936014,4,2
P008,Control Unit,Automotive Component,R02,Europe,Naive Forecast,2025-07-01,2025-12-01,6,6,57316.0,59414.0,9940.0,23543550.0,2098.0,1656.6666666666667,1980.8899515116937,17.342452369320956,349.6666666666667,3.6604089608486285,3,3
P008,Control Unit,Automotive Component,R02,Europe,Random Forest,2025-07-01,2025-12-01,6,6,57316.0,53545.660282670964,15572.506270367083,48275665.490019165,-3770.3397173290377,2595.4177117278473,2836.5373694588493,27.16956219967737,-628.389952888173,-6.578162672428358,2,4
P008,Control Unit,Automotive Component,R02,Europe,Seasonal Naive,2025-07-01,2025-12-01,6,6,57316.0,76702.0,32892.0,224846506.0,19386.0,5482.0,6121.635211825895,57.38711703538279,3231.0,33.823016260729986,4,2
P008,Control Unit,Automotive Component,R03,Asia,Random Forest,2025-07-01,2025-12-01,6,6,31482.0,38083.51854731147,14188.157207755296,56854529.20359573,6601.518547311464,2364.692867959216,3078.2714089673696,45.06752178309922,1100.2530912185773,20.969184128427244,4,2
P008,Control Unit,Automotive Component,R03,Asia,Seasonal Naive,2025-07-01,2025-12-01,6,6,31482.0,26427.0,17633.0,83564939.0,-5055.0,2938.8333333333335,3731.955229277722,56.009783368273936,-842.5,-16.056794358681152,3,3
P008,Control Unit,Automotive Component,R03,Asia,Naive Forecast,2025-07-01,2025-12-01,6,6,31482.0,30882.0,28058.0,133016006.0,-600.0,4676.333333333333,4708.4322585477785,89.12394384092498,-100.0,-1.905850962454736,3,3
P008,Control Unit,Automotive Component,R04,South America,Random Forest,2025-07-01,2025-12-01,6,6,80076.0,81686.2936036096,13886.086202153945,65759051.92090217,1610.2936036096053,2314.347700358991,3310.565206549635,17.341133675700515,268.3822672682675,2.010956595746048,3,3
P008,Control Unit,Automotive Component,R04,South America,Naive Forecast,2025-07-01,2025-12-01,6,6,80076.0,81887.0,26709.0,172418359.0,1811.0,4451.5,5360.633653465481,33.35456316499326,301.8333333333333,2.2616014785953342,3,3
P008,Control Unit,Automotive Component,R04,South America,Seasonal Naive,2025-07-01,2025-12-01,6,6,80076.0,83464.0,37784.0,254629556.0,3388.0,6297.333333333333,6514.465391214641,47.18517408461961,564.6666666666666,4.230980568459963,3,3
